Compound,log2_hrs,bel,cal,eng,pil,sak,,,,,,,,,,,,,,,,,,,,,
phenylalanine,0,116.0232,116.0232,116.0232,116.0232,116.0232,,,,,,,,,,,,,,,,,,AVG,STDEV,%RSD,Sample #
phenylalanine,0,109.7746,109.7746,109.7746,109.7746,109.7746,,,,,,,,,,,,,,,,,,105.4242,13.3182,12.6329,1
phenylalanine,0,90.4749,90.4749,90.4749,90.4749,90.4749,,,,,,,,,,,,,,,,,,80.9295,1.2976,1.6034,2
phenylalanine,0.5,82.2847,82.2847,82.2847,82.2847,82.2847,,,,,,,,,,,,,,,,,,268.3349,30.4793,11.3587,3
phenylalanine,0.5,80.8055,80.8055,80.8055,80.8055,80.8055,,,,,,,,,,,,,,,,,,99.0999,7.9538,8.026,4
phenylalanine,0.5,79.6984,79.6984,79.6984,79.6984,79.6984,,,,,,,,,,,,,,,,,,117.2471,5.1711,4.4104,5
phenylalanine,0.75,303.2455,303.2455,303.2455,303.2455,303.2455,,,,,,,,,,,,,,,,,,66.3643,0.8877,1.3377,6
phenylalanine,0.75,254.7426,254.7426,254.7426,254.7426,254.7426,,,,,,,,,,,,,,,,,,69.368,1.91,2.7534,7
phenylalanine,0.75,247.0165,247.0165,247.0165,247.0165,247.0165,,,,,,,,,,,,,,,,,,71.6628,0.8825,1.2315,8
phenylalanine,1,107.226,107.226,107.226,107.226,107.226,,,,,,,,,,,,,,,,,,108.4485,4.861,4.4823,10
phenylalanine,1,98.7434,98.7434,98.7434,98.7434,98.7434,,,,,,,,,,,,,,,,,,118.4455,11.4709,9.6845,11
phenylalanine,1,91.3304,91.3304,91.3304,91.3304,91.3304,,,,,,,,,,,,,,,,,,108.6438,0.3483,0.3206,12
phenylalanine,1.25,113.5605,113.5605,113.5605,113.5605,113.5605,,,,,,,,,,,,,,,,,,92.1818,6.8545,7.4359,13
phenylalanine,1.25,123.1582,123.1582,123.1582,123.1582,123.1582,,,,,,,,,,,,,,,,,,118.3056,4.1412,3.5004,14
phenylalanine,1.25,115.0225,115.0225,115.0225,115.0225,115.0225,,,,,,,,,,,,,,,,,,69.8094,1.0562,1.5129,15
phenylalanine,1.87,67.3807,67.3807,67.3807,67.3807,67.3807,,,,,,,,,,,,,,,,,,54.1713,1.4863,2.7437,16
phenylalanine,1.87,65.971,65.971,65.971,65.971,65.971,,,,,,,,,,,,,,,,,,229.547,78.5201,34.2065,17
phenylalanine,1.87,65.7411,65.7411,65.7411,65.7411,65.7411,,,,,,,,,,,,,,,,,,38.111,2.4091,6.3211,18
phenylalanine,2.58,71.2419,71.2419,71.2419,71.2419,71.2419,,,,,,,,,,,,,,,,,,55.2716,6.1244,11.0805,19
phenylalanine,2.58,69.4382,69.4382,69.4382,69.4382,69.4382,,,,,,,,,,,,,,,,,,57.1393,3.7313,6.5302,20
phenylalanine,2.58,67.4239,67.4239,67.4239,67.4239,67.4239,,,,,,,,,,,,,,,,,,119.9056,9.9689,8.314,21
phenylalanine,2.67,72.1412,72.1412,72.1412,72.1412,72.1412,,,,,,,,,,,,,,,,,,58.6144,2.6747,4.5632,22
phenylalanine,2.67,70.6444,70.6444,70.6444,70.6444,70.6444,,,,,,,,,,,,,,,,,,24.6423,0.3955,1.605,24
phenylalanine,2.67,72.2028,72.2028,72.2028,72.2028,72.2028,,,,,,,,,,,,,,,,,,52.8711,3.8181,7.2215,25
phenylalanine,3.42,114.0321,114.0321,114.0321,114.0321,114.0321,,,,,,,,,,,,,,,,,,44.3583,1.0398,2.3442,26
phenylalanine,3.42,106.1533,106.1533,106.1533,106.1533,106.1533,,,,,,,,,,,,,,,,,,81.1684,10.8911,13.4179,27
phenylalanine,3.42,105.16,105.16,105.16,105.16,105.16,,,,,,,,,,,,,,,,,,,,,28
phenylalanine,3.5,126.5566,126.5566,126.5566,126.5566,126.5566,,,,,,,,,,,,,,,,,,,,,
phenylalanine,3.5,,,,,,,,,,,,,,,,,,,,,,,,,,
phenylalanine,3.5,110.3343,110.3343,110.3343,110.3343,110.3343,,,,,,,,,,,,,,,,,,,,,
phenylalanine,4.93,108.3799,108.3799,108.3799,108.3799,108.3799,,,,,,,,,,,,,,,,,,,,,
phenylalanine,4.93,109.0386,109.0386,109.0386,109.0386,109.0386,,,,,,,,,,,,,,,,,,,,,
phenylalanine,4.93,108.5128,108.5128,108.5128,108.5128,108.5128,,,,,,,,,,,,,,,,,,,,,
phenylalanine,27,91.5463,131.3548,,96.6979,99.058,,,,,,,,,,,,,,,,,,,,,
phenylalanine,27,89.2683,,174.6392,97.6909,92.1383,,,,,,,,,,,,,,,,,,,,,
phenylalanine,27,86.7298,113.6188,148.5163,95.6752,85.3492,,,,,,,,,,,,,,,,,,,,,
phenylalanine,35,81.2757,49.7338,,83.8901,123.0028,,,,,,,,,,,,,,,,,,,,,
phenylalanine,35,76.8665,45.7868,73.439,89.3006,116.7328,,,,,,,,,,,,,,,,,,,,,
phenylalanine,35,75.9973,39.915,72.6635,88.1,115.1813,,,,,,,,,,,,,,,,,,,,,
phenylalanine,46,181.0389,198.303,95.9233,68.8876,68.9816,,,,,,,,,,,,,,,,,,,,,
phenylalanine,46,151.1098,153.3239,93.2843,67.5068,70.9989,,,,,,,,,,,,,,,,,,,,,
phenylalanine,46,145.7988,129.2987,94.3074,67.9853,69.4478,,,,,,,,,,,,,,,,,,,,,
phenylalanine,58,50.6901,62.1245,76.6914,118.8823,55.5265,,,,,,,,,,,,,,,,,,,,,
phenylalanine,58,50.3136,56.1156,75.2448,107.4589,54.4057,,,,,,,,,,,,,,,,,,,,,
phenylalanine,58,48.2765,58.7026,70.4709,102.2174,52.5818,,,,,,,,,,,,,,,,,,,,,
phenylalanine,70,70.5812,,140.5281,64.6394,306.6051,,,,,,,,,,,,,,,,,,,,,
phenylalanine,70,68.406,,132.0232,60.1224,232.3934,,,,,,,,,,,,,,,,,,,,,
phenylalanine,70,63.0665,,134.8182,60.8535,149.6424,,,,,,,,,,,,,,,,,,,,,
phenylalanine,94,47.9224,29.4327,83.7948,132.024,35.33,,,,,,,,,,,,,,,,,,,,,
phenylalanine,94,50.0542,29.2318,78.785,130.9878,39.5556,,,,,,,,,,,,,,,,,,,,,
phenylalanine,94,43.8675,27.6186,79.2181,125.7164,39.4475,,,,,,,,,,,,,,,,,,,,,
phenylalanine,118,43.5273,26.756,80.5081,108.542,62.2822,,,,,,,,,,,,,,,,,,,,,
phenylalanine,118,47.5083,23.5823,68.7179,98.7399,52.57,,,,,,,,,,,,,,,,,,,,,
phenylalanine,118,47.4443,26.8732,60.1638,99.5929,50.9625,,,,,,,,,,,,,,,,,,,,,
phenylalanine,142,36.875,27.4994,94.8192,69.3002,60.7776,,,,,,,,,,,,,,,,,,,,,
phenylalanine,142,34.3449,27.149,85.2138,68.6411,57.3189,,,,,,,,,,,,,,,,,,,,,
phenylalanine,142,34.3516,27.2379,83.5678,69.3808,53.3215,,,,,,,,,,,,,,,,,,,,,
phenylalanine,166,,29.3241,38.0681,,131.3915,,,,,,,,,,,,,,,,,,,,,
phenylalanine,166,,33.3179,38.7723,,113.5029,,,,,,,,,,,,,,,,,,,,,
phenylalanine,166,,34.096,38.4764,,114.8224,,,,,,,,,,,,,,,,,,,,,
phenylalanine,190,55.3338,62.0289,124.7351,148.5773,61.2538,,,,,,,,,,,,,,,,,,,,,
phenylalanine,190,47.6726,62.8137,115.1124,,58.6835,,,,,,,,,,,,,,,,,,,,,
phenylalanine,190,47.1465,61.1135,112.3334,133.2424,55.9058,,,,,,,,,,,,,,,,,,,,,
phenylalanine,238,33.4178,103.9084,106.9517,75.0464,25.0692,,,,,,,,,,,,,,,,,,,,,
phenylalanine,238,30.6648,85.3008,94.6977,70.4203,24.5694,,,,,,,,,,,,,,,,,,,,,
phenylalanine,238,30.6345,,88.069,63.9765,24.2883,,,,,,,,,,,,,,,,,,,,,
phenylalanine,262,53.2882,,72.419,49.3193,57.1467,,,,,,,,,,,,,,,,,,,,,
phenylalanine,262,49.3653,,70.3622,49.5927,51.6648,,,,,,,,,,,,,,,,,,,,,
phenylalanine,262,46.1178,,71.2742,48.1312,49.8019,,,,,,,,,,,,,,,,,,,,,
phenylalanine,362,35.8109,66.43,62.5052,73.7534,45.028,,,,,,,,,,,,,,,,,,,,,
phenylalanine,362,33.6966,59.9007,60.8731,69.8336,44.8866,,,,,,,,,,,,,,,,,,,,,
phenylalanine,362,31.2106,51.9512,58.7893,67.0211,43.1604,,,,,,,,,,,,,,,,,,,,,
phenylalanine,407,23.3108,37.6882,266.6453,74.2449,,,,,,,,,,,,,,,,,,,,,,
phenylalanine,407,23.4113,39.0587,216.6201,73.2581,,,,,,,,,,,,,,,,,,,,,,
phenylalanine,407,23.2959,37.8364,188.0028,72.7782,,,,,,,,,,,,,,,,,,,,,,
phenylalanine,698,55.4098,,49.5956,,91.7198,,,,,,,,,,,,,,,,,,,,,
phenylalanine,698,52.8188,,52.6117,57.3517,81.8185,,,,,,,,,,,,,,,,,,,,,
phenylalanine,698,48.6714,,49.3812,56.0957,69.9668,,,,,,,,,,,,,,,,,,,,,
leucine,0,85.6278,85.6278,85.6278,85.6278,85.6278,,,,,,,,,,,,,,,,,,,,,
leucine,0,77.9946,77.9946,77.9946,77.9946,77.9946,,,,,,,,,,,,,,,,,,,,,
leucine,0,68.8685,68.8685,68.8685,68.8685,68.8685,,,,,,,,,,,,,,,,,,,,,
leucine,0.5,56.3343,56.3343,56.3343,56.3343,56.3343,,,,,,,,,,,,,,,,,,,,,
leucine,0.5,57.3329,57.3329,57.3329,57.3329,57.3329,,,,,,,,,,,,,,,,,,,,,
leucine,0.5,56.6986,56.6986,56.6986,56.6986,56.6986,,,,,,,,,,,,,,,,,,,,,
leucine,0.75,203.9005,203.9005,203.9005,203.9005,203.9005,,,,,,,,,,,,,,,,,,,,,
leucine,0.75,168.8766,168.8766,168.8766,168.8766,168.8766,,,,,,,,,,,,,,,,,,,,,
leucine,0.75,164.975,164.975,164.975,164.975,164.975,,,,,,,,,,,,,,,,,,,,,
leucine,1,72.6783,72.6783,72.6783,72.6783,72.6783,,,,,,,,,,,,,,,,,,,,,
leucine,1,68.6008,68.6008,68.6008,68.6008,68.6008,,,,,,,,,,,,,,,,,,,,,
leucine,1,61.7553,61.7553,61.7553,61.7553,61.7553,,,,,,,,,,,,,,,,,,,,,
leucine,1.25,82.6618,82.6618,82.6618,82.6618,82.6618,,,,,,,,,,,,,,,,,,,,,
leucine,1.25,88.8566,88.8566,88.8566,88.8566,88.8566,,,,,,,,,,,,,,,,,,,,,
leucine,1.25,83.2234,83.2234,83.2234,83.2234,83.2234,,,,,,,,,,,,,,,,,,,,,
leucine,1.87,52.0835,52.0835,52.0835,52.0835,52.0835,,,,,,,,,,,,,,,,,,,,,
leucine,1.87,51.2889,51.2889,51.2889,51.2889,51.2889,,,,,,,,,,,,,,,,,,,,,
leucine,1.87,50.9281,50.9281,50.9281,50.9281,50.9281,,,,,,,,,,,,,,,,,,,,,
leucine,2.58,54.5272,54.5272,54.5272,54.5272,54.5272,,,,,,,,,,,,,,,,,,,,,
leucine,2.58,55.2111,55.2111,55.2111,55.2111,55.2111,,,,,,,,,,,,,,,,,,,,,
leucine,2.58,55.11,55.11,55.11,55.11,55.11,,,,,,,,,,,,,,,,,,,,,
leucine,2.67,61.901,61.901,61.901,61.901,61.901,,,,,,,,,,,,,,,,,,,,,
leucine,2.67,61.0989,61.0989,61.0989,61.0989,61.0989,,,,,,,,,,,,,,,,,,,,,
leucine,2.67,60.1264,60.1264,60.1264,60.1264,60.1264,,,,,,,,,,,,,,,,,,,,,
leucine,3,,,,,,,,,,,,,,,,,,,,,,,,,,
leucine,3,,,,,,,,,,,,,,,,,,,,,,,,,,
leucine,3,,,,,,,,,,,,,,,,,,,,,,,,,,
leucine,3.42,80.7348,80.7348,80.7348,80.7348,80.7348,,,,,,,,,,,,,,,,,,,,,
leucine,3.42,76.2353,76.2353,76.2353,76.2353,76.2353,,,,,,,,,,,,,,,,,,,,,
leucine,3.42,74.5565,74.5565,74.5565,74.5565,74.5565,,,,,,,,,,,,,,,,,,,,,
leucine,3.5,95.541,95.541,95.541,95.541,95.541,,,,,,,,,,,,,,,,,,,,,
leucine,3.5,,,,,,,,,,,,,,,,,,,,,,,,,,
leucine,3.5,81.0996,81.0996,81.0996,81.0996,81.0996,,,,,,,,,,,,,,,,,,,,,
leucine,4.93,78.0685,78.0685,78.0685,78.0685,78.0685,,,,,,,,,,,,,,,,,,,,,
leucine,4.93,77.3629,77.3629,77.3629,77.3629,77.3629,,,,,,,,,,,,,,,,,,,,,
leucine,4.93,77.1781,77.1781,77.1781,77.1781,77.1781,,,,,,,,,,,,,,,,,,,,,
leucine,27,67.8233,93.2991,,69.1605,66.2839,,,,,,,,,,,,,,,,,,,,,
leucine,27,66.0094,,128.3638,70.7045,62.017,,,,,,,,,,,,,,,,,,,,,
leucine,27,64.7551,79.2578,109.9196,68.9665,58.7142,,,,,,,,,,,,,,,,,,,,,
leucine,35,51.79,5.3267,,64.2636,86.8392,,,,,,,,,,,,,,,,,,,,,
leucine,35,49.6304,4.7234,55.7117,68.9327,82.6069,,,,,,,,,,,,,,,,,,,,,
leucine,35,47.8259,3.8361,54.8566,67.8353,80.4332,,,,,,,,,,,,,,,,,,,,,
leucine,46,107.7851,125.3456,64.7976,68.5165,43.7034,,,,,,,,,,,,,,,,,,,,,
leucine,46,88.8532,97.3126,63.098,67.8624,44.2418,,,,,,,,,,,,,,,,,,,,,
leucine,46,84.1562,82.1271,64.0035,67.8788,41.2842,,,,,,,,,,,,,,,,,,,,,
leucine,58,20.8253,28.2495,56.1602,97.6262,25.4369,,,,,,,,,,,,,,,,,,,,,
leucine,58,19.8254,25.3305,53.456,88.0651,24.0999,,,,,,,,,,,,,,,,,,,,,
leucine,58,19.5667,25.2573,51.1688,84.1948,22.893,,,,,,,,,,,,,,,,,,,,,
leucine,70,31.7615,,83.3569,69.0149,134.4518,,,,,,,,,,,,,,,,,,,,,
leucine,70,30.5722,,84.799,64.4283,97.9113,,,,,,,,,,,,,,,,,,,,,
leucine,70,27.5321,,84.4753,64.3579,63.738,,,,,,,,,,,,,,,,,,,,,
leucine,94,17.9051,2.1816,41.1538,97.0671,10.571,,,,,,,,,,,,,,,,,,,,,
leucine,94,18.1216,2.1228,40.4785,97.9095,11.6163,,,,,,,,,,,,,,,,,,,,,
leucine,94,15.1124,1.4971,42.0044,91.944,11.9654,,,,,,,,,,,,,,,,,,,,,
leucine,118,14.2835,0.9664,32.8932,65.2782,19.7553,,,,,,,,,,,,,,,,,,,,,
leucine,118,15.2511,1.0257,27.4796,60.4434,17.8924,,,,,,,,,,,,,,,,,,,,,
leucine,118,15.0775,1.0506,32.5192,61.0077,17.8166,,,,,,,,,,,,,,,,,,,,,
leucine,142,12.7865,1.0111,34.332,37.108,18.4512,,,,,,,,,,,,,,,,,,,,,
leucine,142,12.791,1.2823,33.2694,36.9746,18.0619,,,,,,,,,,,,,,,,,,,,,
leucine,142,12.0997,1.3352,33.0888,37.3114,17.4885,,,,,,,,,,,,,,,,,,,,,
leucine,166,,1.5124,20.2883,,61.5486,,,,,,,,,,,,,,,,,,,,,
leucine,166,,2.3416,19.9622,,52.2784,,,,,,,,,,,,,,,,,,,,,
leucine,166,,2.3649,19.4724,,52.8977,,,,,,,,,,,,,,,,,,,,,
leucine,190,12.8165,36.8608,43.8351,59.2797,19.9124,,,,,,,,,,,,,,,,,,,,,
leucine,190,11.579,39.1141,40.4363,,19.3455,,,,,,,,,,,,,,,,,,,,,
leucine,190,11.7019,40.6855,39.9773,53.7652,18.5908,,,,,,,,,,,,,,,,,,,,,
leucine,214,25.0218,34.1082,49.9025,88.5351,262.87,,,,,,,,,,,,,,,,,,,,,
leucine,214,19.0483,23.077,43.1248,74.1305,,,,,,,,,,,,,,,,,,,,,,
leucine,214,16.0756,,42.0805,70.3247,70.1179,,,,,,,,,,,,,,,,,,,,,
leucine,238,7.4818,11.1003,29.2063,31.7526,5.1986,,,,,,,,,,,,,,,,,,,,,
leucine,238,7.0273,9.5287,25.4481,29.3375,5.2813,,,,,,,,,,,,,,,,,,,,,
leucine,238,7.085,,23.4524,27.7868,5.6054,,,,,,,,,,,,,,,,,,,,,
leucine,262,15.1012,,26.9796,18.8767,17.2226,,,,,,,,,,,,,,,,,,,,,
leucine,262,14.7151,,25.7071,18.4278,16.0404,,,,,,,,,,,,,,,,,,,,,
leucine,262,13.3482,,26.0848,17.1916,15.078,,,,,,,,,,,,,,,,,,,,,
leucine,362,10.7032,6.5704,23.539,25.4054,18.1968,,,,,,,,,,,,,,,,,,,,,
leucine,362,10.9074,5.6192,22.6871,24.4137,18.295,,,,,,,,,,,,,,,,,,,,,
leucine,362,10.6991,4.8192,22.1221,23.8468,17.9101,,,,,,,,,,,,,,,,,,,,,
leucine,407,9.9583,4.8198,107.6865,28.5342,,,,,,,,,,,,,,,,,,,,,,
leucine,407,10.3315,4.9625,87.6815,27.9933,,,,,,,,,,,,,,,,,,,,,,
leucine,407,10.5432,4.3404,75.6377,27.2712,,,,,,,,,,,,,,,,,,,,,,
leucine,698,17.954,,28.0113,,47.8643,,,,,,,,,,,,,,,,,,,,,
leucine,698,16.7973,,29.1171,28.6154,42.8419,,,,,,,,,,,,,,,,,,,,,
leucine,698,16.8216,,28.0146,20.7713,36.5859,,,,,,,,,,,,,,,,,,,,,
isoleucine,0,40.0672,40.0672,40.0672,40.0672,40.0672,,,,,,,,,,,,,,,,,,,,,
isoleucine,0,37.9453,37.9453,37.9453,37.9453,37.9453,,,,,,,,,,,,,,,,,,,,,
isoleucine,0,30.676,30.676,30.676,30.676,30.676,,,,,,,,,,,,,,,,,,,,,
isoleucine,0.5,19.8188,19.8188,19.8188,19.8188,19.8188,,,,,,,,,,,,,,,,,,,,,
isoleucine,0.5,19.5159,19.5159,19.5159,19.5159,19.5159,,,,,,,,,,,,,,,,,,,,,
isoleucine,0.5,19.836,19.836,19.836,19.836,19.836,,,,,,,,,,,,,,,,,,,,,
isoleucine,0.75,82.66,82.66,82.66,82.66,82.66,,,,,,,,,,,,,,,,,,,,,
isoleucine,0.75,69.5375,69.5375,69.5375,69.5375,69.5375,,,,,,,,,,,,,,,,,,,,,
isoleucine,0.75,70.615,70.615,70.615,70.615,70.615,,,,,,,,,,,,,,,,,,,,,
isoleucine,1,21.61,21.61,21.61,21.61,21.61,,,,,,,,,,,,,,,,,,,,,
isoleucine,1,19.1214,19.1214,19.1214,19.1214,19.1214,,,,,,,,,,,,,,,,,,,,,
isoleucine,1,18.3394,18.3394,18.3394,18.3394,18.3394,,,,,,,,,,,,,,,,,,,,,
isoleucine,1.25,29.6082,29.6082,29.6082,29.6082,29.6082,,,,,,,,,,,,,,,,,,,,,
isoleucine,1.25,32.7196,32.7196,32.7196,32.7196,32.7196,,,,,,,,,,,,,,,,,,,,,
isoleucine,1.25,31.2871,31.2871,31.2871,31.2871,31.2871,,,,,,,,,,,,,,,,,,,,,
isoleucine,1.87,17.4127,17.4127,17.4127,17.4127,17.4127,,,,,,,,,,,,,,,,,,,,,
isoleucine,1.87,18.3106,18.3106,18.3106,18.3106,18.3106,,,,,,,,,,,,,,,,,,,,,
isoleucine,1.87,17.707,17.707,17.707,17.707,17.707,,,,,,,,,,,,,,,,,,,,,
isoleucine,2.58,22.8473,22.8473,22.8473,22.8473,22.8473,,,,,,,,,,,,,,,,,,,,,
isoleucine,2.58,21.8979,21.8979,21.8979,21.8979,21.8979,,,,,,,,,,,,,,,,,,,,,
isoleucine,2.58,22.161,22.161,22.161,22.161,22.161,,,,,,,,,,,,,,,,,,,,,
isoleucine,2.67,18.8189,18.8189,18.8189,18.8189,18.8189,,,,,,,,,,,,,,,,,,,,,
isoleucine,2.67,18.7221,18.7221,18.7221,18.7221,18.7221,,,,,,,,,,,,,,,,,,,,,
isoleucine,2.67,19.63,19.63,19.63,19.63,19.63,,,,,,,,,,,,,,,,,,,,,
isoleucine,3,0,0,0,0,0,,,,,,,,,,,,,,,,,,,,,
isoleucine,3,0,0,0,0,0,,,,,,,,,,,,,,,,,,,,,
isoleucine,3,0,0,0,0,0,,,,,,,,,,,,,,,,,,,,,
isoleucine,3.42,30.6759,30.6759,30.6759,30.6759,30.6759,,,,,,,,,,,,,,,,,,,,,
isoleucine,3.42,28.1273,28.1273,28.1273,28.1273,28.1273,,,,,,,,,,,,,,,,,,,,,
isoleucine,3.42,26.5453,26.5453,26.5453,26.5453,26.5453,,,,,,,,,,,,,,,,,,,,,
isoleucine,3.5,28.3725,28.3725,28.3725,28.3725,28.3725,,,,,,,,,,,,,,,,,,,,,
isoleucine,3.5,0,0,0,0,0,,,,,,,,,,,,,,,,,,,,,
isoleucine,3.5,26.2344,26.2344,26.2344,26.2344,26.2344,,,,,,,,,,,,,,,,,,,,,
isoleucine,4.93,24.5324,24.5324,24.5324,24.5324,24.5324,,,,,,,,,,,,,,,,,,,,,
isoleucine,4.93,23.7343,23.7343,23.7343,23.7343,23.7343,,,,,,,,,,,,,,,,,,,,,
isoleucine,4.93,24.4183,24.4183,24.4183,24.4183,24.4183,,,,,,,,,,,,,,,,,,,,,
isoleucine,27,22.9286,30.5965,0,25.0673,24.0887,,,,,,,,,,,,,,,,,,,,,
isoleucine,27,22.1831,0,36.7846,25.799,22.3397,,,,,,,,,,,,,,,,,,,,,
isoleucine,27,21.7124,27.3465,32.626,24.6138,20.5481,,,,,,,,,,,,,,,,,,,,,
isoleucine,35,18.3337,7.5564,0,19.8356,33.9167,,,,,,,,,,,,,,,,,,,,,
isoleucine,35,17.4972,7.5519,16.7786,21.3838,34.1892,,,,,,,,,,,,,,,,,,,,,
isoleucine,35,17.2566,6.3597,17.7833,22.352,33.3013,,,,,,,,,,,,,,,,,,,,,
isoleucine,46,36.6747,39.2416,22.6423,20.1478,18.5373,,,,,,,,,,,,,,,,,,,,,
isoleucine,46,31.4777,34.7249,22.861,19.9315,17.6416,,,,,,,,,,,,,,,,,,,,,
isoleucine,46,29.8632,28.9581,22.3928,20.54,17.1845,,,,,,,,,,,,,,,,,,,,,
isoleucine,58,12.5733,12.1094,17.6867,27.7424,11.224,,,,,,,,,,,,,,,,,,,,,
isoleucine,58,11.2561,13.2367,17.2551,25.2453,11.2877,,,,,,,,,,,,,,,,,,,,,
isoleucine,58,11.2576,12.7949,17.4236,23.6437,10.3793,,,,,,,,,,,,,,,,,,,,,
isoleucine,70,14.7823,0,16.3677,19.47,238.2314,,,,,,,,,,,,,,,,,,,,,
isoleucine,70,14.5787,0,34.1491,18.9598,175.3455,,,,,,,,,,,,,,,,,,,,,
isoleucine,70,13.3594,0,36.999,18.9215,20.9828,,,,,,,,,,,,,,,,,,,,,
isoleucine,94,10.4186,6.0381,18.882,32.7069,7.0403,,,,,,,,,,,,,,,,,,,,,
isoleucine,94,9.9074,6.1083,17.8801,31.8929,7.651,,,,,,,,,,,,,,,,,,,,,
isoleucine,94,9.3528,5.2303,15.7589,25.9377,8.308,,,,,,,,,,,,,,,,,,,,,
isoleucine,118,9.7785,5.2,12.9989,21.5927,9.5758,,,,,,,,,,,,,,,,,,,,,
isoleucine,118,9.9556,5.8499,11.7124,19.982,7.9743,,,,,,,,,,,,,,,,,,,,,
isoleucine,118,9.5581,5.7688,12.1613,20.5236,7.7708,,,,,,,,,,,,,,,,,,,,,
isoleucine,142,9.1356,5.6053,15.155,13.0103,8.653,,,,,,,,,,,,,,,,,,,,,
isoleucine,142,8.7325,6.2764,14.269,13.4141,8.9008,,,,,,,,,,,,,,,,,,,,,
isoleucine,142,8.6372,6.0587,14.826,13.8374,8.4523,,,,,,,,,,,,,,,,,,,,,
isoleucine,166,0,6.4824,7.8488,0,21.5294,,,,,,,,,,,,,,,,,,,,,
isoleucine,166,0,6.8424,7.836,0,18.5871,,,,,,,,,,,,,,,,,,,,,
isoleucine,166,0,6.684,7.6988,0,17.3219,,,,,,,,,,,,,,,,,,,,,
isoleucine,190,10.9011,13.7571,17.4736,19.776,9.0485,,,,,,,,,,,,,,,,,,,,,
isoleucine,190,9.8647,14.0327,18.3328,0,8.5881,,,,,,,,,,,,,,,,,,,,,
isoleucine,190,10.3655,14.1539,17.7268,20.8072,8.3272,,,,,,,,,,,,,,,,,,,,,
isoleucine,214,14.2972,26.2187,17.1831,29.7324,58.5342,,,,,,,,,,,,,,,,,,,,,
isoleucine,214,11.7635,18.9113,14.5488,25.9618,0,,,,,,,,,,,,,,,,,,,,,
isoleucine,214,10.2597,0,14.5432,24.227,19.7294,,,,,,,,,,,,,,,,,,,,,
isoleucine,238,8.4106,13.499,13.7587,11.1457,5.3636,,,,,,,,,,,,,,,,,,,,,
isoleucine,238,7.097,12.0983,12.9816,10.3227,5.4099,,,,,,,,,,,,,,,,,,,,,
isoleucine,238,7.7155,0,12.5586,9.5361,5.6163,,,,,,,,,,,,,,,,,,,,,
isoleucine,262,11.234,0,12.3593,8.04,7.8946,,,,,,,,,,,,,,,,,,,,,
isoleucine,262,10.2967,0,11.9459,8.1572,7.6634,,,,,,,,,,,,,,,,,,,,,
isoleucine,262,10.0228,0,11.6646,8.8127,7.4874,,,,,,,,,,,,,,,,,,,,,
isoleucine,362,8.8998,8.3503,10.0954,10.1848,7.7393,,,,,,,,,,,,,,,,,,,,,
isoleucine,362,8.6811,8.2799,9.8974,9.7429,7.7657,,,,,,,,,,,,,,,,,,,,,
isoleucine,362,8.4016,7.6159,9.5899,9.5211,7.5751,,,,,,,,,,,,,,,,,,,,,
isoleucine,407,6.2584,7.9738,33.7507,12.9062,0,,,,,,,,,,,,,,,,,,,,,
isoleucine,407,6.4341,8.1519,26.3126,12.8079,0,,,,,,,,,,,,,,,,,,,,,
isoleucine,407,6.7503,7.104,24.3141,12.4805,0,,,,,,,,,,,,,,,,,,,,,
isoleucine,698,10.4192,0,9.7401,0,15.7021,,,,,,,,,,,,,,,,,,,,,
isoleucine,698,9.759,0,9.6316,10.3762,12.6979,,,,,,,,,,,,,,,,,,,,,
isoleucine,698,9.7355,0,9.6642,10.3176,12.1465,,,,,,,,,,,,,,,,,,,,,
methionine,0,26.4718,26.4718,26.4718,26.4718,26.4718,,,,,,,,,,,,,,,,,,,,,
methionine,0,24.0218,24.0218,24.0218,24.0218,24.0218,,,,,,,,,,,,,,,,,,,,,
methionine,0,21.8557,21.8557,21.8557,21.8557,21.8557,,,,,,,,,,,,,,,,,,,,,
methionine,0.5,23.472,23.472,23.472,23.472,23.472,,,,,,,,,,,,,,,,,,,,,
methionine,0.5,23.8724,23.8724,23.8724,23.8724,23.8724,,,,,,,,,,,,,,,,,,,,,
methionine,0.5,23.2785,23.2785,23.2785,23.2785,23.2785,,,,,,,,,,,,,,,,,,,,,
methionine,0.75,74.1624,74.1624,74.1624,74.1624,74.1624,,,,,,,,,,,,,,,,,,,,,
methionine,0.75,61.7369,61.7369,61.7369,61.7369,61.7369,,,,,,,,,,,,,,,,,,,,,
methionine,0.75,59.6643,59.6643,59.6643,59.6643,59.6643,,,,,,,,,,,,,,,,,,,,,
methionine,1,30.5929,30.5929,30.5929,30.5929,30.5929,,,,,,,,,,,,,,,,,,,,,
methionine,1,28.7335,28.7335,28.7335,28.7335,28.7335,,,,,,,,,,,,,,,,,,,,,
methionine,1,26.639,26.639,26.639,26.639,26.639,,,,,,,,,,,,,,,,,,,,,
methionine,1.25,30.4083,30.4083,30.4083,30.4083,30.4083,,,,,,,,,,,,,,,,,,,,,
methionine,1.25,32.2414,32.2414,32.2414,32.2414,32.2414,,,,,,,,,,,,,,,,,,,,,
methionine,1.25,30.4393,30.4393,30.4393,30.4393,30.4393,,,,,,,,,,,,,,,,,,,,,
methionine,1.87,20.9037,20.9037,20.9037,20.9037,20.9037,,,,,,,,,,,,,,,,,,,,,
methionine,1.87,20.7433,20.7433,20.7433,20.7433,20.7433,,,,,,,,,,,,,,,,,,,,,
methionine,1.87,20.6738,20.6738,20.6738,20.6738,20.6738,,,,,,,,,,,,,,,,,,,,,
methionine,2.58,17.1879,17.1879,17.1879,17.1879,17.1879,,,,,,,,,,,,,,,,,,,,,
methionine,2.58,16.989,16.989,16.989,16.989,16.989,,,,,,,,,,,,,,,,,,,,,
methionine,2.58,16.6307,16.6307,16.6307,16.6307,16.6307,,,,,,,,,,,,,,,,,,,,,
methionine,2.67,20.142,20.142,20.142,20.142,20.142,,,,,,,,,,,,,,,,,,,,,
methionine,2.67,20.182,20.182,20.182,20.182,20.182,,,,,,,,,,,,,,,,,,,,,
methionine,2.67,19.9873,19.9873,19.9873,19.9873,19.9873,,,,,,,,,,,,,,,,,,,,,
methionine,3,,,,,,,,,,,,,,,,,,,,,,,,,,
methionine,3,,,,,,,,,,,,,,,,,,,,,,,,,,
methionine,3,,,,,,,,,,,,,,,,,,,,,,,,,,
methionine,3.42,31.1866,31.1866,31.1866,31.1866,31.1866,,,,,,,,,,,,,,,,,,,,,
methionine,3.42,29.5397,29.5397,29.5397,29.5397,29.5397,,,,,,,,,,,,,,,,,,,,,
methionine,3.42,28.9789,28.9789,28.9789,28.9789,28.9789,,,,,,,,,,,,,,,,,,,,,
methionine,3.5,35.4443,35.4443,35.4443,35.4443,35.4443,,,,,,,,,,,,,,,,,,,,,
methionine,3.5,,,,,,,,,,,,,,,,,,,,,,,,,,
methionine,3.5,30.8478,30.8478,30.8478,30.8478,30.8478,,,,,,,,,,,,,,,,,,,,,
methionine,4.93,24.3577,24.3577,24.3577,24.3577,24.3577,,,,,,,,,,,,,,,,,,,,,
methionine,4.93,24.0922,24.0922,24.0922,24.0922,24.0922,,,,,,,,,,,,,,,,,,,,,
methionine,4.93,24.1352,24.1352,24.1352,24.1352,24.1352,,,,,,,,,,,,,,,,,,,,,
methionine,27,26.5626,37.0793,44.5718,21.1896,30.1519,,,,,,,,,,,,,,,,,,,,,
methionine,27,26.2574,,35.3542,21.5484,27.1556,,,,,,,,,,,,,,,,,,,,,
methionine,27,26.1326,32.8356,31.2578,21.1313,25.2556,,,,,,,,,,,,,,,,,,,,,
methionine,35,30.2684,6.0716,,27.5061,37.1074,,,,,,,,,,,,,,,,,,,,,
methionine,35,29.425,6.0516,31.2563,28.9853,35.6245,,,,,,,,,,,,,,,,,,,,,
methionine,35,28.5563,6.0572,30.9,28.633,34.2032,,,,,,,,,,,,,,,,,,,,,
methionine,46,27.7001,61.7522,21.6252,44.6508,25.1254,,,,,,,,,,,,,,,,,,,,,
methionine,46,24.2794,48.0946,21.2681,44.2454,25.1525,,,,,,,,,,,,,,,,,,,,,
methionine,46,22.9115,40.713,21.1407,44.4868,24.1289,,,,,,,,,,,,,,,,,,,,,
methionine,58,12.5279,9.0732,32.1441,65.4253,10.1831,,,,,,,,,,,,,,,,,,,,,
methionine,58,12.2063,8.785,30.7828,58.731,10.003,,,,,,,,,,,,,,,,,,,,,
methionine,58,12.0099,8.7938,29.8121,56.1756,9.7137,,,,,,,,,,,,,,,,,,,,,
methionine,70,9.8271,,51.3023,43.4953,26.6791,,,,,,,,,,,,,,,,,,,,,
methionine,70,9.7835,,47.1773,41.7619,21.0045,,,,,,,,,,,,,,,,,,,,,
methionine,70,9.3859,,46.7568,41.9278,15.6293,,,,,,,,,,,,,,,,,,,,,
methionine,94,8.4248,5.8541,10.7926,36.9556,7.4421,,,,,,,,,,,,,,,,,,,,,
methionine,94,8.3709,5.8619,10.5746,36.5011,7.5487,,,,,,,,,,,,,,,,,,,,,
methionine,94,8.0829,5.8536,10.9301,35.1083,7.5565,,,,,,,,,,,,,,,,,,,,,
methionine,118,7.0728,5.8545,6.1898,18.7707,8.1052,,,,,,,,,,,,,,,,,,,,,
methionine,118,7.2089,5.8697,6.112,17.4227,7.8725,,,,,,,,,,,,,,,,,,,,,
methionine,118,7.2127,5.8581,6.2893,17.6937,7.7349,,,,,,,,,,,,,,,,,,,,,
methionine,142,6.7258,5.8872,5.3825,12.6194,7.958,,,,,,,,,,,,,,,,,,,,,
methionine,142,6.7723,5.9046,5.4218,12.8102,7.7764,,,,,,,,,,,,,,,,,,,,,
methionine,142,6.6936,5.8982,5.4584,12.692,7.7676,,,,,,,,,,,,,,,,,,,,,
methionine,166,,5.903,5.8822,,17.7094,,,,,,,,,,,,,,,,,,,,,
methionine,166,,5.9157,5.8989,,15.9128,,,,,,,,,,,,,,,,,,,,,
methionine,166,,5.9283,5.9008,,15.7611,,,,,,,,,,,,,,,,,,,,,
methionine,190,6.5873,34.2794,5.616,16.2073,8.3145,,,,,,,,,,,,,,,,,,,,,
methionine,190,6.5408,35.0053,5.4922,,8.2222,,,,,,,,,,,,,,,,,,,,,
methionine,190,6.4237,33.9837,5.5571,15.5145,8.1505,,,,,,,,,,,,,,,,,,,,,
methionine,214,6.5196,6.9809,6.1039,16.9028,33.7299,,,,,,,,,,,,,,,,,,,,,
methionine,214,6.4263,6.6982,5.8672,15.1245,,,,,,,,,,,,,,,,,,,,,,
methionine,214,6.3579,,6.048,14.7838,13.5651,,,,,,,,,,,,,,,,,,,,,
methionine,238,6.1135,6.4637,6.1735,9.9545,7.0163,,,,,,,,,,,,,,,,,,,,,
methionine,238,6.0643,6.4875,6.1484,9.5869,6.9899,,,,,,,,,,,,,,,,,,,,,
methionine,238,6.0556,,6.0909,9.2627,6.969,,,,,,,,,,,,,,,,,,,,,
methionine,262,6.2022,,6.068,8.3597,9.169,,,,,,,,,,,,,,,,,,,,,
methionine,262,6.1573,,6.1041,8.3872,8.8103,,,,,,,,,,,,,,,,,,,,,
methionine,262,6.094,,6.0959,8.243,8.5277,,,,,,,,,,,,,,,,,,,,,
methionine,362,6.0824,6.9554,6.5303,9.8808,9.3017,,,,,,,,,,,,,,,,,,,,,
methionine,362,6.0487,6.8062,6.4967,9.6436,9.229,,,,,,,,,,,,,,,,,,,,,
methionine,362,6.0665,6.7076,6.4499,9.4897,9.1806,,,,,,,,,,,,,,,,,,,,,
methionine,407,6.2781,6.5195,8.6159,9.8421,,,,,,,,,,,,,,,,,,,,,,
methionine,407,6.2659,6.5591,8.1365,9.7393,,,,,,,,,,,,,,,,,,,,,,
methionine,407,6.2455,6.4865,7.8304,9.7426,,,,,,,,,,,,,,,,,,,,,,
methionine,698,6.771,,7.2432,,15.9852,,,,,,,,,,,,,,,,,,,,,
methionine,698,6.6881,,7.3621,9.3809,14.5701,,,,,,,,,,,,,,,,,,,,,
methionine,698,6.6636,,7.422,9.1227,13.351,,,,,,,,,,,,,,,,,,,,,
valine,0,99.0913,99.0913,99.0913,99.0913,99.0913,,,,,,,,,,,,,,,,,,,,,
valine,0,100.6463,100.6463,100.6463,100.6463,100.6463,,,,,,,,,,,,,,,,,,,,,
valine,0,91.8752,91.8752,91.8752,91.8752,91.8752,,,,,,,,,,,,,,,,,,,,,
valine,0.5,93.909,93.909,93.909,93.909,93.909,,,,,,,,,,,,,,,,,,,,,
valine,0.5,93.7841,93.7841,93.7841,93.7841,93.7841,,,,,,,,,,,,,,,,,,,,,
valine,0.5,95.5831,95.5831,95.5831,95.5831,95.5831,,,,,,,,,,,,,,,,,,,,,
valine,0.75,231.3002,231.3002,231.3002,231.3002,231.3002,,,,,,,,,,,,,,,,,,,,,
valine,0.75,173.2156,173.2156,173.2156,173.2156,173.2156,,,,,,,,,,,,,,,,,,,,,
valine,0.75,189.7324,189.7324,189.7324,189.7324,189.7324,,,,,,,,,,,,,,,,,,,,,
valine,1,114.4937,114.4937,114.4937,114.4937,114.4937,,,,,,,,,,,,,,,,,,,,,
valine,1,112.5107,112.5107,112.5107,112.5107,112.5107,,,,,,,,,,,,,,,,,,,,,
valine,1,102.4302,102.4302,102.4302,102.4302,102.4302,,,,,,,,,,,,,,,,,,,,,
valine,1.25,119.9833,119.9833,119.9833,119.9833,119.9833,,,,,,,,,,,,,,,,,,,,,
valine,1.25,125.0966,125.0966,125.0966,125.0966,125.0966,,,,,,,,,,,,,,,,,,,,,
valine,1.25,126.0252,126.0252,126.0252,126.0252,126.0252,,,,,,,,,,,,,,,,,,,,,
valine,1.87,81.6779,81.6779,81.6779,81.6779,81.6779,,,,,,,,,,,,,,,,,,,,,
valine,1.87,77.5322,77.5322,77.5322,77.5322,77.5322,,,,,,,,,,,,,,,,,,,,,
valine,1.87,74.6755,74.6755,74.6755,74.6755,74.6755,,,,,,,,,,,,,,,,,,,,,
valine,2.58,82.9434,82.9434,82.9434,82.9434,82.9434,,,,,,,,,,,,,,,,,,,,,
valine,2.58,79.4667,79.4667,79.4667,79.4667,79.4667,,,,,,,,,,,,,,,,,,,,,
valine,2.58,77.7032,77.7032,77.7032,77.7032,77.7032,,,,,,,,,,,,,,,,,,,,,
valine,2.67,74.2885,74.2885,74.2885,74.2885,74.2885,,,,,,,,,,,,,,,,,,,,,
valine,2.67,85.8109,85.8109,85.8109,85.8109,85.8109,,,,,,,,,,,,,,,,,,,,,
valine,2.67,84.9769,84.9769,84.9769,84.9769,84.9769,,,,,,,,,,,,,,,,,,,,,
valine,3,,,,,,,,,,,,,,,,,,,,,,,,,,
valine,3,,,,,,,,,,,,,,,,,,,,,,,,,,
valine,3,,,,,,,,,,,,,,,,,,,,,,,,,,
valine,3.42,132.715,132.715,132.715,132.715,132.715,,,,,,,,,,,,,,,,,,,,,
valine,3.42,121.8818,121.8818,121.8818,121.8818,121.8818,,,,,,,,,,,,,,,,,,,,,
valine,3.42,124.8604,124.8604,124.8604,124.8604,124.8604,,,,,,,,,,,,,,,,,,,,,
valine,3.5,151.2753,151.2753,151.2753,151.2753,151.2753,,,,,,,,,,,,,,,,,,,,,
valine,3.5,,,,,,,,,,,,,,,,,,,,,,,,,,
valine,3.5,137.0266,137.0266,137.0266,137.0266,137.0266,,,,,,,,,,,,,,,,,,,,,
valine,4.93,126.9171,126.9171,126.9171,126.9171,126.9171,,,,,,,,,,,,,,,,,,,,,
valine,4.93,127.4643,127.4643,127.4643,127.4643,127.4643,,,,,,,,,,,,,,,,,,,,,
valine,4.93,126.7432,126.7432,126.7432,126.7432,126.7432,,,,,,,,,,,,,,,,,,,,,
valine,27,107.3184,150.5921,251.4653,109.4923,106.7759,,,,,,,,,,,,,,,,,,,,,
valine,27,104.771,,193.4369,112.9845,100.6549,,,,,,,,,,,,,,,,,,,,,
valine,27,100.7459,126.6437,176.0066,112.7226,94.9136,,,,,,,,,,,,,,,,,,,,,
valine,35,93.4315,80.6325,,96.4219,68.0112,,,,,,,,,,,,,,,,,,,,,
valine,35,92.4246,72.7931,85.7298,102.2763,73.4904,,,,,,,,,,,,,,,,,,,,,
valine,35,89.539,67.6209,88.1193,103.7392,91.4789,,,,,,,,,,,,,,,,,,,,,
valine,46,223.3285,247.6326,110.7286,102.3758,88.2355,,,,,,,,,,,,,,,,,,,,,
valine,46,186.485,197.4509,107.8003,101.2715,90.1839,,,,,,,,,,,,,,,,,,,,,
valine,46,180.0126,162.2449,108.9418,103.255,83.1533,,,,,,,,,,,,,,,,,,,,,
valine,58,62.2686,79.0219,90.9907,131.4163,70.4498,,,,,,,,,,,,,,,,,,,,,
valine,58,61.0845,74.5125,91.6541,121.1547,67.945,,,,,,,,,,,,,,,,,,,,,
valine,58,57.4484,74.1416,83.4607,113.3882,64.5619,,,,,,,,,,,,,,,,,,,,,
valine,70,80.2005,,163.5899,94.3006,410.098,,,,,,,,,,,,,,,,,,,,,
valine,70,81.4581,,155.1546,90.8747,292.6185,,,,,,,,,,,,,,,,,,,,,
valine,70,77.7649,,161.7492,89.7807,194.1664,,,,,,,,,,,,,,,,,,,,,
valine,94,60.9741,54.3694,98.7328,149.0098,38.6774,,,,,,,,,,,,,,,,,,,,,
valine,94,65.5352,55.1842,98.3814,160.9956,43.2825,,,,,,,,,,,,,,,,,,,,,
valine,94,57.0074,51.2165,100.7396,133.4446,43.1832,,,,,,,,,,,,,,,,,,,,,
valine,118,59.9143,44.4874,92.9444,123.5845,82.6479,,,,,,,,,,,,,,,,,,,,,
valine,118,70.4012,39.9078,80.1964,114.8733,71.8574,,,,,,,,,,,,,,,,,,,,,
valine,118,62.2591,41.6866,95.3935,119.4806,69.3702,,,,,,,,,,,,,,,,,,,,,
valine,142,57.9429,50.0389,69.3698,78.8757,68.4869,,,,,,,,,,,,,,,,,,,,,
valine,142,55.5519,44.1827,59.4246,82.6098,67.7285,,,,,,,,,,,,,,,,,,,,,
valine,142,53.0239,48.447,57.102,76.9137,66.4378,,,,,,,,,,,,,,,,,,,,,
valine,166,,52.5325,64.7145,,130.6959,,,,,,,,,,,,,,,,,,,,,
valine,166,,67.5687,65.8177,,114.053,,,,,,,,,,,,,,,,,,,,,
valine,166,,72.0544,63.9755,,126.17,,,,,,,,,,,,,,,,,,,,,
valine,190,71.0129,57.6606,85.7975,143.5616,74.26,,,,,,,,,,,,,,,,,,,,,
valine,190,60.3436,60.5869,95.0427,,68.523,,,,,,,,,,,,,,,,,,,,,
valine,190,60.1927,60.8385,91.3483,139.1265,65.5628,,,,,,,,,,,,,,,,,,,,,
valine,214,106.2008,354.4371,173.5621,222.8394,685.1565,,,,,,,,,,,,,,,,,,,,,
valine,214,93.7591,268.9105,139.7049,198.4759,,,,,,,,,,,,,,,,,,,,,,
valine,214,76.0609,,127.5642,185.8115,206.6751,,,,,,,,,,,,,,,,,,,,,
valine,238,45.0524,164.928,104.895,80.4233,23.1337,,,,,,,,,,,,,,,,,,,,,
valine,238,42.2963,150.1361,96.9404,75.2079,24.5098,,,,,,,,,,,,,,,,,,,,,
valine,238,42.5001,,93.0614,66.927,25.1553,,,,,,,,,,,,,,,,,,,,,
valine,262,73.3402,,88.0886,58.5503,56.4328,,,,,,,,,,,,,,,,,,,,,
valine,262,72.1861,,84.8763,58.2959,55.7366,,,,,,,,,,,,,,,,,,,,,
valine,262,64.4853,,84.9205,56.2915,51.5279,,,,,,,,,,,,,,,,,,,,,
valine,362,51.418,92.969,77.9184,74.5215,52.08,,,,,,,,,,,,,,,,,,,,,
valine,362,49.8392,84.3856,73.27,71.8494,49.5825,,,,,,,,,,,,,,,,,,,,,
valine,362,52.0728,75.9369,73.706,70.3737,50.4829,,,,,,,,,,,,,,,,,,,,,
valine,407,43.407,67.4055,304.0548,79.9385,,,,,,,,,,,,,,,,,,,,,,
valine,407,43.0521,72.1188,246.1263,79.7034,,,,,,,,,,,,,,,,,,,,,,
valine,407,42.8628,62.0563,220.222,78.1258,,,,,,,,,,,,,,,,,,,,,,
valine,698,76.9199,,83.8515,,103.8689,,,,,,,,,,,,,,,,,,,,,
valine,698,77.2325,,85.0823,79.1168,98.782,,,,,,,,,,,,,,,,,,,,,
valine,698,75.0076,,78.8614,63.2737,83.1909,,,,,,,,,,,,,,,,,,,,,
proline,0,1094.687,1094.687,1094.687,1094.687,1094.687,,,,,,,,,,,,,,,,,,,,,
proline,0,1006.746,1006.746,1006.746,1006.746,1006.746,,,,,,,,,,,,,,,,,,,,,
proline,0,886.1703,886.1703,886.1703,886.1703,886.1703,,,,,,,,,,,,,,,,,,,,,
proline,0.5,521.8159,521.8159,521.8159,521.8159,521.8159,,,,,,,,,,,,,,,,,,,,,
proline,0.5,545.4385,545.4385,545.4385,545.4385,545.4385,,,,,,,,,,,,,,,,,,,,,
proline,0.5,533.8161,533.8161,533.8161,533.8161,533.8161,,,,,,,,,,,,,,,,,,,,,
proline,0.75,1486.879,1486.879,1486.879,1486.879,1486.879,,,,,,,,,,,,,,,,,,,,,
proline,0.75,1290.881,1290.881,1290.881,1290.881,1290.881,,,,,,,,,,,,,,,,,,,,,
proline,0.75,1279.259,1279.259,1279.259,1279.259,1279.259,,,,,,,,,,,,,,,,,,,,,
proline,1,596.3542,596.3542,596.3542,596.3542,596.3542,,,,,,,,,,,,,,,,,,,,,
proline,1,587.829,587.829,587.829,587.829,587.829,,,,,,,,,,,,,,,,,,,,,
proline,1,546.2639,546.2639,546.2639,546.2639,546.2639,,,,,,,,,,,,,,,,,,,,,
proline,1.25,640.9736,640.9736,640.9736,640.9736,640.9736,,,,,,,,,,,,,,,,,,,,,
proline,1.25,711.7196,711.7196,711.7196,711.7196,711.7196,,,,,,,,,,,,,,,,,,,,,
proline,1.25,672.0022,672.0022,672.0022,672.0022,672.0022,,,,,,,,,,,,,,,,,,,,,
proline,1.87,490.0913,490.0913,490.0913,490.0913,490.0913,,,,,,,,,,,,,,,,,,,,,
proline,1.87,492.3121,492.3121,492.3121,492.3121,492.3121,,,,,,,,,,,,,,,,,,,,,
proline,1.87,541.3812,541.3812,541.3812,541.3812,541.3812,,,,,,,,,,,,,,,,,,,,,
proline,2.58,326.0929,326.0929,326.0929,326.0929,326.0929,,,,,,,,,,,,,,,,,,,,,
proline,2.58,326.5079,326.5079,326.5079,326.5079,326.5079,,,,,,,,,,,,,,,,,,,,,
proline,2.58,324.7549,324.7549,324.7549,324.7549,324.7549,,,,,,,,,,,,,,,,,,,,,
proline,2.67,530.2338,530.2338,530.2338,530.2338,530.2338,,,,,,,,,,,,,,,,,,,,,
proline,2.67,528.4095,528.4095,528.4095,528.4095,528.4095,,,,,,,,,,,,,,,,,,,,,
proline,2.67,526.9587,526.9587,526.9587,526.9587,526.9587,,,,,,,,,,,,,,,,,,,,,
proline,3,,,,,,,,,,,,,,,,,,,,,,,,,,
proline,3,,,,,,,,,,,,,,,,,,,,,,,,,,
proline,3,,,,,,,,,,,,,,,,,,,,,,,,,,
proline,3.42,724.7256,724.7256,724.7256,724.7256,724.7256,,,,,,,,,,,,,,,,,,,,,
proline,3.42,684.1279,684.1279,684.1279,684.1279,684.1279,,,,,,,,,,,,,,,,,,,,,
proline,3.42,680.773,680.773,680.773,680.773,680.773,,,,,,,,,,,,,,,,,,,,,
proline,3.5,790.6668,790.6668,790.6668,790.6668,790.6668,,,,,,,,,,,,,,,,,,,,,
proline,3.5,,,,,,,,,,,,,,,,,,,,,,,,,,
proline,3.5,727.2059,727.2059,727.2059,727.2059,727.2059,,,,,,,,,,,,,,,,,,,,,
proline,4.93,471.2808,471.2808,471.2808,471.2808,471.2808,,,,,,,,,,,,,,,,,,,,,
proline,4.93,472.1391,472.1391,472.1391,472.1391,472.1391,,,,,,,,,,,,,,,,,,,,,
proline,4.93,474.4816,474.4816,474.4816,474.4816,474.4816,,,,,,,,,,,,,,,,,,,,,
proline,27,653.2242,772.0822,911.3272,385.9869,550.7692,,,,,,,,,,,,,,,,,,,,,
proline,27,629.7188,,716.4275,400.346,512.2434,,,,,,,,,,,,,,,,,,,,,
proline,27,641.531,684.0601,617.2394,395.3467,489.1332,,,,,,,,,,,,,,,,,,,,,
proline,35,490.0312,808.0052,,541.3158,700.3817,,,,,,,,,,,,,,,,,,,,,
proline,35,490.6671,766.7689,469.174,539.3215,685.833,,,,,,,,,,,,,,,,,,,,,
proline,35,469.4185,722.1847,468.3545,535.8079,689.1114,,,,,,,,,,,,,,,,,,,,,
proline,46,930.8309,1306.0063,374.0512,673.9686,519.5179,,,,,,,,,,,,,,,,,,,,,
proline,46,780.4208,1062.241,370.7903,674.8381,543.9567,,,,,,,,,,,,,,,,,,,,,
proline,46,754.1815,913.9218,378.1621,686.2748,519.1536,,,,,,,,,,,,,,,,,,,,,
proline,58,494.9602,608.7054,495.6059,592.3248,594.5872,,,,,,,,,,,,,,,,,,,,,
proline,58,489.8399,563.3437,483.8091,548.6134,585.8844,,,,,,,,,,,,,,,,,,,,,
proline,58,480.1581,588.5415,461.4317,532.5549,565.9385,,,,,,,,,,,,,,,,,,,,,
proline,70,525.4691,,902.3752,605.1442,3563.2869,,,,,,,,,,,,,,,,,,,,,
proline,70,509.2926,,852.0491,567.7077,2750.7977,,,,,,,,,,,,,,,,,,,,,
proline,70,462.8033,,850.2917,569.936,1838.2527,,,,,,,,,,,,,,,,,,,,,
proline,94,729.9828,632.1782,569.0158,795.642,419.5485,,,,,,,,,,,,,,,,,,,,,
proline,94,729.5479,633.7369,557.3499,779.604,468.7415,,,,,,,,,,,,,,,,,,,,,
proline,94,626.6179,599.4558,574.0904,744.5538,493.4941,,,,,,,,,,,,,,,,,,,,,
proline,118,450.9916,594.3603,734.6777,484.6353,882.2059,,,,,,,,,,,,,,,,,,,,,
proline,118,477.046,556.2991,607.549,436.3784,850.9599,,,,,,,,,,,,,,,,,,,,,
proline,118,483.1266,594.5893,833.1589,450.5149,845.1289,,,,,,,,,,,,,,,,,,,,,
proline,142,698.6888,620.375,872.7858,539.1282,812.4915,,,,,,,,,,,,,,,,,,,,,
proline,142,699.9989,660.3646,846.7753,549.0447,810.4485,,,,,,,,,,,,,,,,,,,,,
proline,142,660.2236,626.7895,862.2412,546.995,794.0395,,,,,,,,,,,,,,,,,,,,,
proline,166,,401.4752,653.9126,,1217.9568,,,,,,,,,,,,,,,,,,,,,
proline,166,,450.9717,659.1711,,992.2489,,,,,,,,,,,,,,,,,,,,,
proline,166,,469.6854,648.8785,,903.4255,,,,,,,,,,,,,,,,,,,,,
proline,190,880.102,264.4385,1106.021,989.9402,808.6431,,,,,,,,,,,,,,,,,,,,,
proline,190,835.7004,293.3881,1055.73,,794.2704,,,,,,,,,,,,,,,,,,,,,
proline,190,860.2043,310.9334,1081.706,1037.194,789.3711,,,,,,,,,,,,,,,,,,,,,
proline,214,981.9134,2324.6996,1245.9688,1171.7287,4799.8378,,,,,,,,,,,,,,,,,,,,,
proline,214,800.9309,1763.0341,1080.6612,1006.9679,,,,,,,,,,,,,,,,,,,,,,
proline,214,700.2311,,1078.7045,976.2437,1466.2973,,,,,,,,,,,,,,,,,,,,,
proline,238,643.6905,1611.474,694.0312,668.9675,268.4597,,,,,,,,,,,,,,,,,,,,,
proline,238,567.3556,1556.098,650.407,636.4948,278.0034,,,,,,,,,,,,,,,,,,,,,
proline,238,581.8808,,622.8202,592.543,288.0618,,,,,,,,,,,,,,,,,,,,,
proline,262,642.4978,,440.9014,563.5784,633.928,,,,,,,,,,,,,,,,,,,,,
proline,262,616.7805,,431.0994,579.3461,628.1742,,,,,,,,,,,,,,,,,,,,,
proline,262,568.6166,,429.9911,579.7783,590.9257,,,,,,,,,,,,,,,,,,,,,
proline,362,662.1885,800.9111,604.8279,578.3543,550.8661,,,,,,,,,,,,,,,,,,,,,
proline,362,679.0027,763.5554,591.1755,566.5671,558.1443,,,,,,,,,,,,,,,,,,,,,
proline,362,671.1357,698.5576,580.8226,499.4661,560.0936,,,,,,,,,,,,,,,,,,,,,
proline,407,682.5834,458.3785,1490.3692,426.6239,,,,,,,,,,,,,,,,,,,,,,
proline,407,706.9079,466.8156,1222.3259,420.6118,,,,,,,,,,,,,,,,,,,,,,
proline,407,738.7853,440.1966,1072.159,420.9732,,,,,,,,,,,,,,,,,,,,,,
proline,698,1033.8556,,759.8068,,1121.9519,,,,,,,,,,,,,,,,,,,,,
proline,698,955.3559,,803.0996,699.2289,943.0366,,,,,,,,,,,,,,,,,,,,,
proline,698,954.4928,,766.8912,556.8345,819.4175,,,,,,,,,,,,,,,,,,,,,
tyrosine,0,352.9739,352.9739,352.9739,352.9739,352.9739,,,,,,,,,,,,,,,,,,,,,
tyrosine,0,320.5711,320.5711,320.5711,320.5711,320.5711,,,,,,,,,,,,,,,,,,,,,
tyrosine,0,296.1775,296.1775,296.1775,296.1775,296.1775,,,,,,,,,,,,,,,,,,,,,
tyrosine,0.5,477.6028,477.6028,477.6028,477.6028,477.6028,,,,,,,,,,,,,,,,,,,,,
tyrosine,0.5,500.8799,500.8799,500.8799,500.8799,500.8799,,,,,,,,,,,,,,,,,,,,,
tyrosine,0.5,486.5842,486.5842,486.5842,486.5842,486.5842,,,,,,,,,,,,,,,,,,,,,
tyrosine,0.75,2408.923,2408.923,2408.923,2408.923,2408.923,,,,,,,,,,,,,,,,,,,,,
tyrosine,0.75,2062.745,2062.745,2062.745,2062.745,2062.745,,,,,,,,,,,,,,,,,,,,,
tyrosine,0.75,1876.68,1876.68,1876.68,1876.68,1876.68,,,,,,,,,,,,,,,,,,,,,
tyrosine,1,732.7377,732.7377,732.7377,732.7377,732.7377,,,,,,,,,,,,,,,,,,,,,
tyrosine,1,680.1926,680.1926,680.1926,680.1926,680.1926,,,,,,,,,,,,,,,,,,,,,
tyrosine,1,612.5606,612.5606,612.5606,612.5606,612.5606,,,,,,,,,,,,,,,,,,,,,
tyrosine,1.25,784.9646,784.9646,784.9646,784.9646,784.9646,,,,,,,,,,,,,,,,,,,,,
tyrosine,1.25,830.8628,830.8628,830.8628,830.8628,830.8628,,,,,,,,,,,,,,,,,,,,,
tyrosine,1.25,753.253,753.253,753.253,753.253,753.253,,,,,,,,,,,,,,,,,,,,,
tyrosine,1.87,279.9627,279.9627,279.9627,279.9627,279.9627,,,,,,,,,,,,,,,,,,,,,
tyrosine,1.87,290.585,290.585,290.585,290.585,290.585,,,,,,,,,,,,,,,,,,,,,
tyrosine,1.87,303.703,303.703,303.703,303.703,303.703,,,,,,,,,,,,,,,,,,,,,
tyrosine,2.58,161.3747,161.3747,161.3747,161.3747,161.3747,,,,,,,,,,,,,,,,,,,,,
tyrosine,2.58,163.7079,163.7079,163.7079,163.7079,163.7079,,,,,,,,,,,,,,,,,,,,,
tyrosine,2.58,169.2568,169.2568,169.2568,169.2568,169.2568,,,,,,,,,,,,,,,,,,,,,
tyrosine,2.67,280.5146,280.5146,280.5146,280.5146,280.5146,,,,,,,,,,,,,,,,,,,,,
tyrosine,2.67,258.0501,258.0501,258.0501,258.0501,258.0501,,,,,,,,,,,,,,,,,,,,,
tyrosine,2.67,239.237,239.237,239.237,239.237,239.237,,,,,,,,,,,,,,,,,,,,,
tyrosine,3,,,,,,,,,,,,,,,,,,,,,,,,,,
tyrosine,3,,,,,,,,,,,,,,,,,,,,,,,,,,
tyrosine,3,,,,,,,,,,,,,,,,,,,,,,,,,,
tyrosine,3.42,812.3688,812.3688,812.3688,812.3688,812.3688,,,,,,,,,,,,,,,,,,,,,
tyrosine,3.42,728.6233,728.6233,728.6233,728.6233,728.6233,,,,,,,,,,,,,,,,,,,,,
tyrosine,3.42,664.5903,664.5903,664.5903,664.5903,664.5903,,,,,,,,,,,,,,,,,,,,,
tyrosine,3.5,817.905,817.905,817.905,817.905,817.905,,,,,,,,,,,,,,,,,,,,,
tyrosine,3.5,,,,,,,,,,,,,,,,,,,,,,,,,,
tyrosine,3.5,718.312,718.312,718.312,718.312,718.312,,,,,,,,,,,,,,,,,,,,,
tyrosine,4.93,235.7514,235.7514,235.7514,235.7514,235.7514,,,,,,,,,,,,,,,,,,,,,
tyrosine,4.93,229.6454,229.6454,229.6454,229.6454,229.6454,,,,,,,,,,,,,,,,,,,,,
tyrosine,4.93,222.5174,222.5174,222.5174,222.5174,222.5174,,,,,,,,,,,,,,,,,,,,,
tyrosine,27,521.2205,1016.1499,459.9444,283.1337,831.2151,,,,,,,,,,,,,,,,,,,,,
tyrosine,27,538.4368,,384.564,286.8175,703.9857,,,,,,,,,,,,,,,,,,,,,
tyrosine,27,534.2577,859.1462,371.7031,279.2301,667.0824,,,,,,,,,,,,,,,,,,,,,
tyrosine,35,424.0471,183.9008,,368.1148,939.5016,,,,,,,,,,,,,,,,,,,,,
tyrosine,35,394.7344,164.0437,562.6269,392.1592,843.9956,,,,,,,,,,,,,,,,,,,,,
tyrosine,35,394.9041,146.0351,514.3118,362.1888,864.4643,,,,,,,,,,,,,,,,,,,,,
tyrosine,46,436.442,872.3492,316.6033,720.5646,354.0714,,,,,,,,,,,,,,,,,,,,,
tyrosine,46,360.3249,560.8393,307.9254,745.0745,336.5315,,,,,,,,,,,,,,,,,,,,,
tyrosine,46,335.0668,431.6269,319.9472,699.2452,302.3434,,,,,,,,,,,,,,,,,,,,,
tyrosine,58,179.0784,161.5697,444.41,1283.332,83.3463,,,,,,,,,,,,,,,,,,,,,
tyrosine,58,172.0957,147.2756,436.9727,1001.183,88.0622,,,,,,,,,,,,,,,,,,,,,
tyrosine,58,165.009,146.2181,452.7922,978.438,92.6762,,,,,,,,,,,,,,,,,,,,,
tyrosine,70,135.3413,,779.8456,455.0605,971.6708,,,,,,,,,,,,,,,,,,,,,
tyrosine,70,131.2753,,763.2172,474.6395,717.6876,,,,,,,,,,,,,,,,,,,,,
tyrosine,70,120.4817,,728.388,460.646,459.5982,,,,,,,,,,,,,,,,,,,,,
tyrosine,94,192.7848,108.6716,133.2229,419.6352,67.1115,,,,,,,,,,,,,,,,,,,,,
tyrosine,94,191.2915,104.5544,133.8793,430.7531,77.6414,,,,,,,,,,,,,,,,,,,,,
tyrosine,94,159.6689,98.2218,143.9609,389.0048,76.2882,,,,,,,,,,,,,,,,,,,,,
tyrosine,118,102.2432,97.6895,209.1901,149.6364,216.6477,,,,,,,,,,,,,,,,,,,,,
tyrosine,118,107.0519,89.3965,177.2632,139.5898,195.3394,,,,,,,,,,,,,,,,,,,,,
tyrosine,118,108.7499,91.6827,198.0766,142.7417,198.632,,,,,,,,,,,,,,,,,,,,,
tyrosine,142,93.1659,80.308,107.6599,71.9171,137.1459,,,,,,,,,,,,,,,,,,,,,
tyrosine,142,88.8313,78.4732,121.8805,83.4017,131.0787,,,,,,,,,,,,,,,,,,,,,
tyrosine,142,80.9847,79.1139,123.3213,77.2234,118.9163,,,,,,,,,,,,,,,,,,,,,
tyrosine,166,,61.1759,141.7237,,262.0374,,,,,,,,,,,,,,,,,,,,,
tyrosine,166,,70.8487,143.9993,,218.3161,,,,,,,,,,,,,,,,,,,,,
tyrosine,166,,74.7128,138.6556,,219.2425,,,,,,,,,,,,,,,,,,,,,
tyrosine,190,216.0118,654.8418,200.7812,297.461,127.8101,,,,,,,,,,,,,,,,,,,,,
tyrosine,190,184.8835,646.8015,188.4137,,124.373,,,,,,,,,,,,,,,,,,,,,
tyrosine,190,178.315,642.9187,199.4829,282.6358,107.1589,,,,,,,,,,,,,,,,,,,,,
tyrosine,214,199.8969,452.4685,377.1401,321.1315,1398.2891,,,,,,,,,,,,,,,,,,,,,
tyrosine,214,161.9528,327.7023,326.0223,278.3607,,,,,,,,,,,,,,,,,,,,,,
tyrosine,214,141.7194,,316.4889,266.6257,386.2167,,,,,,,,,,,,,,,,,,,,,
tyrosine,238,124.9707,308.7281,275.662,174.3469,74.1975,,,,,,,,,,,,,,,,,,,,,
tyrosine,238,114.4004,266.3852,241.5511,161.9792,72.9905,,,,,,,,,,,,,,,,,,,,,
tyrosine,238,112.6247,,220.7784,152.0661,74.3442,,,,,,,,,,,,,,,,,,,,,
tyrosine,262,140.4344,,129.2058,107.3238,179.3074,,,,,,,,,,,,,,,,,,,,,
tyrosine,262,129.8353,,126.0758,112.9489,163.9735,,,,,,,,,,,,,,,,,,,,,
tyrosine,262,117.0468,,124.3228,109.7844,154.9907,,,,,,,,,,,,,,,,,,,,,
tyrosine,362,87.6191,163.2997,162.5203,158.8743,143.5587,,,,,,,,,,,,,,,,,,,,,
tyrosine,362,86.4794,150.6844,156.3021,150.456,144.3722,,,,,,,,,,,,,,,,,,,,,
tyrosine,362,82.2199,145.1383,149.6766,111.339,143,,,,,,,,,,,,,,,,,,,,,
tyrosine,407,113.7071,76.734,440.8216,125.1846,,,,,,,,,,,,,,,,,,,,,,
tyrosine,407,112.6534,77.1221,356.4847,122.2415,,,,,,,,,,,,,,,,,,,,,,
tyrosine,407,117.5681,73.1847,307.7597,122.1436,,,,,,,,,,,,,,,,,,,,,,
tyrosine,698,231.3271,,167.4238,,293.505,,,,,,,,,,,,,,,,,,,,,
tyrosine,698,217.1639,,178.3259,125.791,252.1581,,,,,,,,,,,,,,,,,,,,,
tyrosine,698,208.5958,,165.5722,119.0083,215.8861,,,,,,,,,,,,,,,,,,,,,
threonine,0,88.0052,88.0052,88.0052,88.0052,88.0052,,,,,,,,,,,,,,,,,,,,,
threonine,0,77.9356,77.9356,77.9356,77.9356,77.9356,,,,,,,,,,,,,,,,,,,,,
threonine,0,69.4496,69.4496,69.4496,69.4496,69.4496,,,,,,,,,,,,,,,,,,,,,
threonine,0.5,80.1495,80.1495,80.1495,80.1495,80.1495,,,,,,,,,,,,,,,,,,,,,
threonine,0.5,78.7406,78.7406,78.7406,78.7406,78.7406,,,,,,,,,,,,,,,,,,,,,
threonine,0.5,79.2032,79.2032,79.2032,79.2032,79.2032,,,,,,,,,,,,,,,,,,,,,
threonine,0.75,229.4972,229.4972,229.4972,229.4972,229.4972,,,,,,,,,,,,,,,,,,,,,
threonine,0.75,200.4957,200.4957,200.4957,200.4957,200.4957,,,,,,,,,,,,,,,,,,,,,
threonine,0.75,179.2759,179.2759,179.2759,179.2759,179.2759,,,,,,,,,,,,,,,,,,,,,
threonine,1,99.5783,99.5783,99.5783,99.5783,99.5783,,,,,,,,,,,,,,,,,,,,,
threonine,1,95.8167,95.8167,95.8167,95.8167,95.8167,,,,,,,,,,,,,,,,,,,,,
threonine,1,87.0984,87.0984,87.0984,87.0984,87.0984,,,,,,,,,,,,,,,,,,,,,
threonine,1.25,88.8162,88.8162,88.8162,88.8162,88.8162,,,,,,,,,,,,,,,,,,,,,
threonine,1.25,97.6174,97.6174,97.6174,97.6174,97.6174,,,,,,,,,,,,,,,,,,,,,
threonine,1.25,90.1715,90.1715,90.1715,90.1715,90.1715,,,,,,,,,,,,,,,,,,,,,
threonine,1.87,61.4812,61.4812,61.4812,61.4812,61.4812,,,,,,,,,,,,,,,,,,,,,
threonine,1.87,60.072,60.072,60.072,60.072,60.072,,,,,,,,,,,,,,,,,,,,,
threonine,1.87,55.1363,55.1363,55.1363,55.1363,55.1363,,,,,,,,,,,,,,,,,,,,,
threonine,2.58,45.9018,45.9018,45.9018,45.9018,45.9018,,,,,,,,,,,,,,,,,,,,,
threonine,2.58,46.7827,46.7827,46.7827,46.7827,46.7827,,,,,,,,,,,,,,,,,,,,,
threonine,2.58,44.5773,44.5773,44.5773,44.5773,44.5773,,,,,,,,,,,,,,,,,,,,,
threonine,2.67,59.2696,59.2696,59.2696,59.2696,59.2696,,,,,,,,,,,,,,,,,,,,,
threonine,2.67,59.2472,59.2472,59.2472,59.2472,59.2472,,,,,,,,,,,,,,,,,,,,,
threonine,2.67,57.7783,57.7783,57.7783,57.7783,57.7783,,,,,,,,,,,,,,,,,,,,,
threonine,3,,,,,,,,,,,,,,,,,,,,,,,,,,
threonine,3,,,,,,,,,,,,,,,,,,,,,,,,,,
threonine,3,,,,,,,,,,,,,,,,,,,,,,,,,,
threonine,3.42,105.3143,105.3143,105.3143,105.3143,105.3143,,,,,,,,,,,,,,,,,,,,,
threonine,3.42,95.1793,95.1793,95.1793,95.1793,95.1793,,,,,,,,,,,,,,,,,,,,,
threonine,3.42,96.8588,96.8588,96.8588,96.8588,96.8588,,,,,,,,,,,,,,,,,,,,,
threonine,3.5,117.9753,117.9753,117.9753,117.9753,117.9753,,,,,,,,,,,,,,,,,,,,,
threonine,3.5,,,,,,,,,,,,,,,,,,,,,,,,,,
threonine,3.5,105.0352,105.0352,105.0352,105.0352,105.0352,,,,,,,,,,,,,,,,,,,,,
threonine,4.93,74.9106,74.9106,74.9106,74.9106,74.9106,,,,,,,,,,,,,,,,,,,,,
threonine,4.93,74.6827,74.6827,74.6827,74.6827,74.6827,,,,,,,,,,,,,,,,,,,,,
threonine,4.93,72.9974,72.9974,72.9974,72.9974,72.9974,,,,,,,,,,,,,,,,,,,,,
threonine,27,82.2606,126.6822,151.0588,65.3191,85.6144,,,,,,,,,,,,,,,,,,,,,
threonine,27,81.4919,,119.0596,67.6221,83.9832,,,,,,,,,,,,,,,,,,,,,
threonine,27,80.5148,104.8547,102.7423,65.3039,79.2457,,,,,,,,,,,,,,,,,,,,,
threonine,35,64.6261,6.6868,,65.223,94.8775,,,,,,,,,,,,,,,,,,,,,
threonine,35,61.7114,6.8335,70.082,72.2982,89.3814,,,,,,,,,,,,,,,,,,,,,
threonine,35,63.2139,6.5758,66.9428,71.7333,88.7621,,,,,,,,,,,,,,,,,,,,,
threonine,46,81.5723,92.0918,63.35,63.6857,44.044,,,,,,,,,,,,,,,,,,,,,
threonine,46,69.2662,75.6169,58.8771,64.8731,46.927,,,,,,,,,,,,,,,,,,,,,
threonine,46,64.7475,62.2371,60.0366,67.4294,43.5403,,,,,,,,,,,,,,,,,,,,,
threonine,58,34.1985,6.3538,62.5316,23.9896,18.395,,,,,,,,,,,,,,,,,,,,,
threonine,58,32.4058,6.0693,60.4127,19.8725,18.0058,,,,,,,,,,,,,,,,,,,,,
threonine,58,31.8205,6.1791,60.1482,19.1541,17.6969,,,,,,,,,,,,,,,,,,,,,
threonine,70,34.5758,,91.9103,60.2596,111.8128,,,,,,,,,,,,,,,,,,,,,
threonine,70,34.7783,,93.8551,58.7604,78.9097,,,,,,,,,,,,,,,,,,,,,
threonine,70,33.2778,,92.7935,59.2849,52.0934,,,,,,,,,,,,,,,,,,,,,
threonine,94,34.4022,3.525,18.6336,91.2905,10.6118,,,,,,,,,,,,,,,,,,,,,
threonine,94,34.3623,3.5154,20.3016,88.2383,10.9767,,,,,,,,,,,,,,,,,,,,,
threonine,94,31.3721,3.5458,19.2476,82.765,10.4952,,,,,,,,,,,,,,,,,,,,,
threonine,118,23.9025,2.3053,6.4362,44.5013,14.7019,,,,,,,,,,,,,,,,,,,,,
threonine,118,23.4365,2.4401,6.6912,38.5441,13.6623,,,,,,,,,,,,,,,,,,,,,
threonine,118,23.9942,2.5388,6.4013,42.0093,13.9713,,,,,,,,,,,,,,,,,,,,,
threonine,142,23.4864,2.8154,5.4222,21.3783,12.2744,,,,,,,,,,,,,,,,,,,,,
threonine,142,23.4938,2.6737,4.4312,22.6988,11.3357,,,,,,,,,,,,,,,,,,,,,
threonine,142,22.3374,2.7038,4.4308,21.5935,12.3961,,,,,,,,,,,,,,,,,,,,,
threonine,166,,,3.6363,,29.6703,,,,,,,,,,,,,,,,,,,,,
threonine,166,,,4.6811,,26.3881,,,,,,,,,,,,,,,,,,,,,
threonine,166,,,4.3352,,29.1907,,,,,,,,,,,,,,,,,,,,,
threonine,190,38.5161,12.17,6.4083,27.3589,14.2635,,,,,,,,,,,,,,,,,,,,,
threonine,190,30.3287,13.0737,4.7805,,12.5251,,,,,,,,,,,,,,,,,,,,,
threonine,190,30.4099,12.4626,6.8663,26.4455,12.5061,,,,,,,,,,,,,,,,,,,,,
threonine,214,40.5722,8.4192,9.6987,24.639,113.4736,,,,,,,,,,,,,,,,,,,,,
threonine,214,32.4825,9.0596,6.0077,21.3855,,,,,,,,,,,,,,,,,,,,,,
threonine,214,30.5735,,6.9145,21.0916,35.7439,,,,,,,,,,,,,,,,,,,,,
threonine,238,23.1866,6.2239,7.6239,17.365,7.4805,,,,,,,,,,,,,,,,,,,,,
threonine,238,22.5195,5.5444,6.953,13.8231,7.6674,,,,,,,,,,,,,,,,,,,,,
threonine,238,21.6604,,7.3758,13.4656,7.5912,,,,,,,,,,,,,,,,,,,,,
threonine,262,30.2086,,5.3444,8.8615,15.1149,,,,,,,,,,,,,,,,,,,,,
threonine,262,28.026,,4.9785,8.0704,14.5428,,,,,,,,,,,,,,,,,,,,,
threonine,262,26.2163,,4.9337,8.5616,15.7099,,,,,,,,,,,,,,,,,,,,,
threonine,362,22.4233,6.8057,7.7997,10.9492,16.3439,,,,,,,,,,,,,,,,,,,,,
threonine,362,23.2132,6.3254,7.25,10.5257,16.0266,,,,,,,,,,,,,,,,,,,,,
threonine,362,24.2275,5.8871,7.1833,10.0738,15.8136,,,,,,,,,,,,,,,,,,,,,
threonine,407,19.2536,4.6295,19.0507,11.3733,,,,,,,,,,,,,,,,,,,,,,
threonine,407,18.7623,4.7402,16.0047,10.6332,,,,,,,,,,,,,,,,,,,,,,
threonine,407,20.5298,4.4143,15.0291,10.3316,,,,,,,,,,,,,,,,,,,,,,
threonine,698,42.8229,,9.557,,36.194,,,,,,,,,,,,,,,,,,,,,
threonine,698,42.4695,,9.5481,12.3859,36.6442,,,,,,,,,,,,,,,,,,,,,
threonine,698,40.2644,,9.2282,12.0095,31.6231,,,,,,,,,,,,,,,,,,,,,
serine,0,116.5094,116.5094,116.5094,116.5094,116.5094,,,,,,,,,,,,,,,,,,,,,
serine,0,104.1098,104.1098,104.1098,104.1098,104.1098,,,,,,,,,,,,,,,,,,,,,
serine,0,89.8416,89.8416,89.8416,89.8416,89.8416,,,,,,,,,,,,,,,,,,,,,
serine,0.5,77.2944,77.2944,77.2944,77.2944,77.2944,,,,,,,,,,,,,,,,,,,,,
serine,0.5,73.9188,73.9188,73.9188,73.9188,73.9188,,,,,,,,,,,,,,,,,,,,,
serine,0.5,74.3338,74.3338,74.3338,74.3338,74.3338,,,,,,,,,,,,,,,,,,,,,
serine,0.75,150.3887,150.3887,150.3887,150.3887,150.3887,,,,,,,,,,,,,,,,,,,,,
serine,0.75,134.2412,134.2412,134.2412,134.2412,134.2412,,,,,,,,,,,,,,,,,,,,,
serine,0.75,129.6656,129.6656,129.6656,129.6656,129.6656,,,,,,,,,,,,,,,,,,,,,
serine,1,89.0093,89.0093,89.0093,89.0093,89.0093,,,,,,,,,,,,,,,,,,,,,
serine,1,89.7675,89.7675,89.7675,89.7675,89.7675,,,,,,,,,,,,,,,,,,,,,
serine,1,82.25,82.25,82.25,82.25,82.25,,,,,,,,,,,,,,,,,,,,,
serine,1.25,68.9689,68.9689,68.9689,68.9689,68.9689,,,,,,,,,,,,,,,,,,,,,
serine,1.25,72.9441,72.9441,72.9441,72.9441,72.9441,,,,,,,,,,,,,,,,,,,,,
serine,1.25,71.7454,71.7454,71.7454,71.7454,71.7454,,,,,,,,,,,,,,,,,,,,,
serine,1.87,64.3441,64.3441,64.3441,64.3441,64.3441,,,,,,,,,,,,,,,,,,,,,
serine,1.87,65.0121,65.0121,65.0121,65.0121,65.0121,,,,,,,,,,,,,,,,,,,,,
serine,1.87,52.7164,52.7164,52.7164,52.7164,52.7164,,,,,,,,,,,,,,,,,,,,,
serine,2.58,65.5048,65.5048,65.5048,65.5048,65.5048,,,,,,,,,,,,,,,,,,,,,
serine,2.58,64.9564,64.9564,64.9564,64.9564,64.9564,,,,,,,,,,,,,,,,,,,,,
serine,2.58,62.9688,62.9688,62.9688,62.9688,62.9688,,,,,,,,,,,,,,,,,,,,,
serine,2.67,88.0264,88.0264,88.0264,88.0264,88.0264,,,,,,,,,,,,,,,,,,,,,
serine,2.67,84.5179,84.5179,84.5179,84.5179,84.5179,,,,,,,,,,,,,,,,,,,,,
serine,2.67,89.3831,89.3831,89.3831,89.3831,89.3831,,,,,,,,,,,,,,,,,,,,,
serine,3,,,,,,,,,,,,,,,,,,,,,,,,,,
serine,3,,,,,,,,,,,,,,,,,,,,,,,,,,
serine,3,,,,,,,,,,,,,,,,,,,,,,,,,,
serine,3.42,149.7504,149.7504,149.7504,149.7504,149.7504,,,,,,,,,,,,,,,,,,,,,
serine,3.42,138.2489,138.2489,138.2489,138.2489,138.2489,,,,,,,,,,,,,,,,,,,,,
serine,3.42,142.2811,142.2811,142.2811,142.2811,142.2811,,,,,,,,,,,,,,,,,,,,,
serine,3.5,143.5694,143.5694,143.5694,143.5694,143.5694,,,,,,,,,,,,,,,,,,,,,
serine,3.5,,,,,,,,,,,,,,,,,,,,,,,,,,
serine,3.5,123.9773,123.9773,123.9773,123.9773,123.9773,,,,,,,,,,,,,,,,,,,,,
serine,4.93,103.9602,103.9602,103.9602,103.9602,103.9602,,,,,,,,,,,,,,,,,,,,,
serine,4.93,101.2064,101.2064,101.2064,101.2064,101.2064,,,,,,,,,,,,,,,,,,,,,
serine,4.93,101.9034,101.9034,101.9034,101.9034,101.9034,,,,,,,,,,,,,,,,,,,,,
serine,27,120.8222,150.4247,206.8167,97.5322,88.9451,,,,,,,,,,,,,,,,,,,,,
serine,27,117.8909,,160.5357,101.4113,91.3925,,,,,,,,,,,,,,,,,,,,,
serine,27,113.933,124.2145,146.0041,99.2183,91.3228,,,,,,,,,,,,,,,,,,,,,
serine,35,97.7042,2.6095,,99.0744,111.0933,,,,,,,,,,,,,,,,,,,,,
serine,35,92.2294,1.4417,119.1698,109.2512,110.2679,,,,,,,,,,,,,,,,,,,,,
serine,35,99.7263,4.5707,114.0131,105.4472,114.8226,,,,,,,,,,,,,,,,,,,,,
serine,46,152.4453,210.3557,88.3317,110.2897,91.9348,,,,,,,,,,,,,,,,,,,,,
serine,46,126.9683,171.4614,92.0233,105.6504,90.1136,,,,,,,,,,,,,,,,,,,,,
serine,46,122.4757,149.3203,88.4355,107.4604,90.8598,,,,,,,,,,,,,,,,,,,,,
serine,58,73.06,26.1963,111.4599,145.27,45.0267,,,,,,,,,,,,,,,,,,,,,
serine,58,77.2389,23.3044,108.7752,133.9735,43.8202,,,,,,,,,,,,,,,,,,,,,
serine,58,70.4282,23.925,107.6603,133.0088,42.8674,,,,,,,,,,,,,,,,,,,,,
serine,70,65.7291,,149.866,95.8901,277.3349,,,,,,,,,,,,,,,,,,,,,
serine,70,62.5742,,151.6906,89.4985,218.1701,,,,,,,,,,,,,,,,,,,,,
serine,70,58.1776,,163.5991,91.2055,145.8081,,,,,,,,,,,,,,,,,,,,,
serine,94,56.4675,0,46.8665,107.776,14.1308,,,,,,,,,,,,,,,,,,,,,
serine,94,60.2417,0,45.608,110.8351,14.2152,,,,,,,,,,,,,,,,,,,,,
serine,94,60.5563,0,44.6267,107.2787,13.8166,,,,,,,,,,,,,,,,,,,,,
serine,118,47.397,0,23.9599,55.5442,36.7777,,,,,,,,,,,,,,,,,,,,,
serine,118,42.8931,0,22.9089,51.245,28.155,,,,,,,,,,,,,,,,,,,,,
serine,118,48.0473,0,15.3614,53.1572,30.346,,,,,,,,,,,,,,,,,,,,,
serine,142,47.9864,0,10.6471,40.7903,18.0013,,,,,,,,,,,,,,,,,,,,,
serine,142,46.5602,0,7.7037,39.3647,15.6543,,,,,,,,,,,,,,,,,,,,,
serine,142,45.5714,0,8.6105,41.52,17.6227,,,,,,,,,,,,,,,,,,,,,
serine,166,,0,2.2532,,60.9342,,,,,,,,,,,,,,,,,,,,,
serine,166,,0,0,,56.6132,,,,,,,,,,,,,,,,,,,,,
serine,166,,0,1.021,,73.0177,,,,,,,,,,,,,,,,,,,,,
serine,190,65.5019,52.8581,6.8835,61.6344,18.4711,,,,,,,,,,,,,,,,,,,,,
serine,190,56.7763,57.7187,10.0596,,20.2054,,,,,,,,,,,,,,,,,,,,,
serine,190,56.7676,61.7945,10.3623,49.3689,18.2714,,,,,,,,,,,,,,,,,,,,,
serine,214,75.8844,16.14,23.9152,47.7343,235.373,,,,,,,,,,,,,,,,,,,,,
serine,214,61.805,10.1085,19.8754,39.5075,,,,,,,,,,,,,,,,,,,,,,
serine,214,57.3207,,26.8089,38.3341,60.9657,,,,,,,,,,,,,,,,,,,,,
serine,238,44.6918,5.781,14.3777,24.5467,7.3052,,,,,,,,,,,,,,,,,,,,,
serine,238,41.9636,3.22,13.4442,23.0109,7.914,,,,,,,,,,,,,,,,,,,,,
serine,238,42.185,,12.823,20.0755,9.2936,,,,,,,,,,,,,,,,,,,,,
serine,262,54.7881,,5.9885,11.9867,19.5183,,,,,,,,,,,,,,,,,,,,,
serine,262,50.3901,,4.3901,10.8685,20.66,,,,,,,,,,,,,,,,,,,,,
serine,262,41.3113,,5.1422,13.7194,20.303,,,,,,,,,,,,,,,,,,,,,
serine,362,37.4313,9.0444,14.016,18.3665,20.992,,,,,,,,,,,,,,,,,,,,,
serine,362,39.5819,7.4098,14.5342,20.8839,19.7424,,,,,,,,,,,,,,,,,,,,,
serine,362,38.0952,6.254,11.149,20.0782,23.4537,,,,,,,,,,,,,,,,,,,,,
serine,407,21.704,1.6319,41.7657,16.9368,,,,,,,,,,,,,,,,,,,,,,
serine,407,25.1466,1.9531,32.8411,16.4136,,,,,,,,,,,,,,,,,,,,,,
serine,407,23.5533,0.8254,23.3227,16.407,,,,,,,,,,,,,,,,,,,,,,
serine,698,66.5076,,11.5907,,58.1825,,,,,,,,,,,,,,,,,,,,,
serine,698,70.3711,,13.9278,27.3124,60.7888,,,,,,,,,,,,,,,,,,,,,
serine,698,70.5703,,10.5882,20.5517,58.2823,,,,,,,,,,,,,,,,,,,,,
glutamic acid,0,179.269,179.269,179.269,179.269,179.269,,,,,,,,,,,,,,,,,,,,,
glutamic acid,0,167.9072,167.9072,167.9072,167.9072,167.9072,,,,,,,,,,,,,,,,,,,,,
glutamic acid,0,157.2117,157.2117,157.2117,157.2117,157.2117,,,,,,,,,,,,,,,,,,,,,
glutamic acid,0.5,173.4428,173.4428,173.4428,173.4428,173.4428,,,,,,,,,,,,,,,,,,,,,
glutamic acid,0.5,177.2344,177.2344,177.2344,177.2344,177.2344,,,,,,,,,,,,,,,,,,,,,
glutamic acid,0.5,173.3619,173.3619,173.3619,173.3619,173.3619,,,,,,,,,,,,,,,,,,,,,
glutamic acid,0.75,282.2509,282.2509,282.2509,282.2509,282.2509,,,,,,,,,,,,,,,,,,,,,
glutamic acid,0.75,265.1585,265.1585,265.1585,265.1585,265.1585,,,,,,,,,,,,,,,,,,,,,
glutamic acid,0.75,251.9649,251.9649,251.9649,251.9649,251.9649,,,,,,,,,,,,,,,,,,,,,
glutamic acid,1,195.4191,195.4191,195.4191,195.4191,195.4191,,,,,,,,,,,,,,,,,,,,,
glutamic acid,1,189.7802,189.7802,189.7802,189.7802,189.7802,,,,,,,,,,,,,,,,,,,,,
glutamic acid,1,182.5504,182.5504,182.5504,182.5504,182.5504,,,,,,,,,,,,,,,,,,,,,
glutamic acid,1.25,170.8358,170.8358,170.8358,170.8358,170.8358,,,,,,,,,,,,,,,,,,,,,
glutamic acid,1.25,178.1031,178.1031,178.1031,178.1031,178.1031,,,,,,,,,,,,,,,,,,,,,
glutamic acid,1.25,173.5648,173.5648,173.5648,173.5648,173.5648,,,,,,,,,,,,,,,,,,,,,
glutamic acid,1.87,159.6037,159.6037,159.6037,159.6037,159.6037,,,,,,,,,,,,,,,,,,,,,
glutamic acid,1.87,159.2039,159.2039,159.2039,159.2039,159.2039,,,,,,,,,,,,,,,,,,,,,
glutamic acid,1.87,164.4607,164.4607,164.4607,164.4607,164.4607,,,,,,,,,,,,,,,,,,,,,
glutamic acid,2.58,82.3728,82.3728,82.3728,82.3728,82.3728,,,,,,,,,,,,,,,,,,,,,
glutamic acid,2.58,82.1555,82.1555,82.1555,82.1555,82.1555,,,,,,,,,,,,,,,,,,,,,
glutamic acid,2.58,82.6415,82.6415,82.6415,82.6415,82.6415,,,,,,,,,,,,,,,,,,,,,
glutamic acid,2.67,126.5359,126.5359,126.5359,126.5359,126.5359,,,,,,,,,,,,,,,,,,,,,
glutamic acid,2.67,125.807,125.807,125.807,125.807,125.807,,,,,,,,,,,,,,,,,,,,,
glutamic acid,2.67,126.3291,126.3291,126.3291,126.3291,126.3291,,,,,,,,,,,,,,,,,,,,,
glutamic acid,3,,,,,,,,,,,,,,,,,,,,,,,,,,
glutamic acid,3,,,,,,,,,,,,,,,,,,,,,,,,,,
glutamic acid,3,,,,,,,,,,,,,,,,,,,,,,,,,,
glutamic acid,3.42,198.5841,198.5841,198.5841,198.5841,198.5841,,,,,,,,,,,,,,,,,,,,,
glutamic acid,3.42,191.8637,191.8637,191.8637,191.8637,191.8637,,,,,,,,,,,,,,,,,,,,,
glutamic acid,3.42,189.6851,189.6851,189.6851,189.6851,189.6851,,,,,,,,,,,,,,,,,,,,,
glutamic acid,3.5,214.4708,214.4708,214.4708,214.4708,214.4708,,,,,,,,,,,,,,,,,,,,,
glutamic acid,3.5,,,,,,,,,,,,,,,,,,,,,,,,,,
glutamic acid,3.5,198.697,198.697,198.697,198.697,198.697,,,,,,,,,,,,,,,,,,,,,
glutamic acid,4.93,115.3787,115.3787,115.3787,115.3787,115.3787,,,,,,,,,,,,,,,,,,,,,
glutamic acid,4.93,116.6822,116.6822,116.6822,116.6822,116.6822,,,,,,,,,,,,,,,,,,,,,
glutamic acid,4.93,116.0472,116.0472,116.0472,116.0472,116.0472,,,,,,,,,,,,,,,,,,,,,
glutamic acid,27,192.1404,226.7185,167.423,105.6373,194.5914,,,,,,,,,,,,,,,,,,,,,
glutamic acid,27,189.2498,,147.9113,107.4361,185.6936,,,,,,,,,,,,,,,,,,,,,
glutamic acid,27,192.493,212.2161,137.9194,103.3476,177.6011,,,,,,,,,,,,,,,,,,,,,
glutamic acid,35,169.7441,77.7223,,141.8165,175.2879,,,,,,,,,,,,,,,,,,,,,
glutamic acid,35,169.037,75.0195,159.3706,143.7595,170.1189,,,,,,,,,,,,,,,,,,,,,
glutamic acid,35,165.5864,67.5838,158.6896,142.4497,169.5473,,,,,,,,,,,,,,,,,,,,,
glutamic acid,46,165.5992,257.912,100.5318,181.4635,156.7531,,,,,,,,,,,,,,,,,,,,,
glutamic acid,46,152.1623,231.3758,100.0173,180.2715,156.8148,,,,,,,,,,,,,,,,,,,,,
glutamic acid,46,148.6106,210.2424,98.456,180.4795,154.622,,,,,,,,,,,,,,,,,,,,,
glutamic acid,58,167.1152,135.8805,159.1645,214.3953,123.594,,,,,,,,,,,,,,,,,,,,,
glutamic acid,58,166.5601,129.886,156.4062,204.9573,122.0928,,,,,,,,,,,,,,,,,,,,,
glutamic acid,58,162.2238,129.3735,152.8705,198.7135,119.7172,,,,,,,,,,,,,,,,,,,,,
glutamic acid,70,119.5364,,209.4103,176.173,398.279,,,,,,,,,,,,,,,,,,,,,
glutamic acid,70,118.7536,,200.2179,171.7938,346.082,,,,,,,,,,,,,,,,,,,,,
glutamic acid,70,113.3618,,196.1696,172.3011,282.3079,,,,,,,,,,,,,,,,,,,,,
glutamic acid,94,198.591,54.763,93.8522,179.7134,105.7234,,,,,,,,,,,,,,,,,,,,,
glutamic acid,94,197.7703,53.0114,91.2168,176.3571,106.1414,,,,,,,,,,,,,,,,,,,,,
glutamic acid,94,181.6861,49.5704,90.0491,170.1496,106.4188,,,,,,,,,,,,,,,,,,,,,
glutamic acid,118,106.8109,47.9149,122.006,119.0651,172.1612,,,,,,,,,,,,,,,,,,,,,
glutamic acid,118,110.4359,48.2022,110.7853,115.5334,164.8129,,,,,,,,,,,,,,,,,,,,,
glutamic acid,118,109.6084,52.7744,103.2796,116.5137,167.3936,,,,,,,,,,,,,,,,,,,,,
glutamic acid,142,147.3283,47.4997,87.8028,132.2344,139.4798,,,,,,,,,,,,,,,,,,,,,
glutamic acid,142,142.4117,46.33,86.1567,132.0992,136.128,,,,,,,,,,,,,,,,,,,,,
glutamic acid,142,133.5072,47.1382,89.8696,131.9372,134.0571,,,,,,,,,,,,,,,,,,,,,
glutamic acid,166,,,93.1512,,249.7307,,,,,,,,,,,,,,,,,,,,,
glutamic acid,166,,,94.3694,,228.9297,,,,,,,,,,,,,,,,,,,,,
glutamic acid,166,,,93.542,,221.8499,,,,,,,,,,,,,,,,,,,,,
glutamic acid,190,218.1622,147.8734,108.5328,236.4201,136.3514,,,,,,,,,,,,,,,,,,,,,
glutamic acid,190,207.3649,149.1434,106.8214,,132.4303,,,,,,,,,,,,,,,,,,,,,
glutamic acid,190,210.8542,147.7279,101.7122,235.6813,128.7255,,,,,,,,,,,,,,,,,,,,,
glutamic acid,214,161.825,98.5789,150.3547,175.3604,311.3993,,,,,,,,,,,,,,,,,,,,,
glutamic acid,214,145.1625,84.3036,138.5277,161.8144,,,,,,,,,,,,,,,,,,,,,,
glutamic acid,214,137.0137,,137.9358,159.4364,169.0558,,,,,,,,,,,,,,,,,,,,,
glutamic acid,238,169.2438,112.2959,126.8357,172.5305,94.2841,,,,,,,,,,,,,,,,,,,,,
glutamic acid,238,162.8492,106.9452,122.2097,165.6527,96.4419,,,,,,,,,,,,,,,,,,,,,
glutamic acid,238,163.9286,,113.2626,159.3054,95.405,,,,,,,,,,,,,,,,,,,,,
glutamic acid,262,132.9642,,54.3005,135.2539,155.7781,,,,,,,,,,,,,,,,,,,,,
glutamic acid,262,126.8435,,54.3329,138.4833,152.2689,,,,,,,,,,,,,,,,,,,,,
glutamic acid,262,123.026,,53.1059,140.7302,148.6047,,,,,,,,,,,,,,,,,,,,,
glutamic acid,362,142.9402,85.0494,94.4503,158.7117,137.8065,,,,,,,,,,,,,,,,,,,,,
glutamic acid,362,141.4942,80.6108,92.7769,155.5845,138.3824,,,,,,,,,,,,,,,,,,,,,
glutamic acid,362,139.269,76.1903,90.7447,151.9641,136.8002,,,,,,,,,,,,,,,,,,,,,
glutamic acid,407,161.5345,,120.5919,100.066,,,,,,,,,,,,,,,,,,,,,,
glutamic acid,407,162.0045,,110.177,99.2894,,,,,,,,,,,,,,,,,,,,,,
glutamic acid,407,160.0938,,100.3566,99.4013,,,,,,,,,,,,,,,,,,,,,,
glutamic acid,698,231.4555,,109.1825,,211.8366,,,,,,,,,,,,,,,,,,,,,
glutamic acid,698,226.4637,,111.3611,137.0816,195.66,,,,,,,,,,,,,,,,,,,,,
glutamic acid,698,220.9394,,111.0233,137.8055,184.3018,,,,,,,,,,,,,,,,,,,,,
histidine,0,113.6705,113.6705,113.6705,113.6705,113.6705,,,,,,,,,,,,,,,,,,,,,
histidine,0,105.2135,105.2135,105.2135,105.2135,105.2135,,,,,,,,,,,,,,,,,,,,,
histidine,0,96.3334,96.3334,96.3334,96.3334,96.3334,,,,,,,,,,,,,,,,,,,,,
histidine,0.5,168.9487,168.9487,168.9487,168.9487,168.9487,,,,,,,,,,,,,,,,,,,,,
histidine,0.5,174.1783,174.1783,174.1783,174.1783,174.1783,,,,,,,,,,,,,,,,,,,,,
histidine,0.5,168.8051,168.8051,168.8051,168.8051,168.8051,,,,,,,,,,,,,,,,,,,,,
histidine,0.75,468.1413,468.1413,468.1413,468.1413,468.1413,,,,,,,,,,,,,,,,,,,,,
histidine,0.75,439.5415,439.5415,439.5415,439.5415,439.5415,,,,,,,,,,,,,,,,,,,,,
histidine,0.75,398.8358,398.8358,398.8358,398.8358,398.8358,,,,,,,,,,,,,,,,,,,,,
histidine,1,221.8175,221.8175,221.8175,221.8175,221.8175,,,,,,,,,,,,,,,,,,,,,
histidine,1,206.9178,206.9178,206.9178,206.9178,206.9178,,,,,,,,,,,,,,,,,,,,,
histidine,1,193.9735,193.9735,193.9735,193.9735,193.9735,,,,,,,,,,,,,,,,,,,,,
histidine,1.25,190.6439,190.6439,190.6439,190.6439,190.6439,,,,,,,,,,,,,,,,,,,,,
histidine,1.25,203.7601,203.7601,203.7601,203.7601,203.7601,,,,,,,,,,,,,,,,,,,,,
histidine,1.25,192.6999,192.6999,192.6999,192.6999,192.6999,,,,,,,,,,,,,,,,,,,,,
histidine,1.87,162.4355,162.4355,162.4355,162.4355,162.4355,,,,,,,,,,,,,,,,,,,,,
histidine,1.87,164.9675,164.9675,164.9675,164.9675,164.9675,,,,,,,,,,,,,,,,,,,,,
histidine,1.87,179.9436,179.9436,179.9436,179.9436,179.9436,,,,,,,,,,,,,,,,,,,,,
histidine,2.58,57.9298,57.9298,57.9298,57.9298,57.9298,,,,,,,,,,,,,,,,,,,,,
histidine,2.58,58.1767,58.1767,58.1767,58.1767,58.1767,,,,,,,,,,,,,,,,,,,,,
histidine,2.58,57.5285,57.5285,57.5285,57.5285,57.5285,,,,,,,,,,,,,,,,,,,,,
histidine,2.67,123.3805,123.3805,123.3805,123.3805,123.3805,,,,,,,,,,,,,,,,,,,,,
histidine,2.67,120.9841,120.9841,120.9841,120.9841,120.9841,,,,,,,,,,,,,,,,,,,,,
histidine,2.67,122.8112,122.8112,122.8112,122.8112,122.8112,,,,,,,,,,,,,,,,,,,,,
histidine,3,,,,,,,,,,,,,,,,,,,,,,,,,,
histidine,3,,,,,,,,,,,,,,,,,,,,,,,,,,
histidine,3,,,,,,,,,,,,,,,,,,,,,,,,,,
histidine,3.42,262.4347,262.4347,262.4347,262.4347,262.4347,,,,,,,,,,,,,,,,,,,,,
histidine,3.42,247.1435,247.1435,247.1435,247.1435,247.1435,,,,,,,,,,,,,,,,,,,,,
histidine,3.42,237.1775,237.1775,237.1775,237.1775,237.1775,,,,,,,,,,,,,,,,,,,,,
histidine,3.5,277.5591,277.5591,277.5591,277.5591,277.5591,,,,,,,,,,,,,,,,,,,,,
histidine,3.5,,,,,,,,,,,,,,,,,,,,,,,,,,
histidine,3.5,231.0692,231.0692,231.0692,231.0692,231.0692,,,,,,,,,,,,,,,,,,,,,
histidine,4.93,106.2409,106.2409,106.2409,106.2409,106.2409,,,,,,,,,,,,,,,,,,,,,
histidine,4.93,107.9902,107.9902,107.9902,107.9902,107.9902,,,,,,,,,,,,,,,,,,,,,
histidine,4.93,107.7115,107.7115,107.7115,107.7115,107.7115,,,,,,,,,,,,,,,,,,,,,
histidine,27,241.4442,275.7401,205.2157,83.7263,215.4358,,,,,,,,,,,,,,,,,,,,,
histidine,27,242.4125,,159.7434,87.7407,198.7147,,,,,,,,,,,,,,,,,,,,,
histidine,27,249.5254,265.1136,144.8335,84.9925,185.5523,,,,,,,,,,,,,,,,,,,,,
histidine,35,171.9503,95.1183,,148.5528,199.6861,,,,,,,,,,,,,,,,,,,,,
histidine,35,168.1563,91.1218,156.7437,143.0273,187.0685,,,,,,,,,,,,,,,,,,,,,
histidine,35,165.2215,78.4665,156.9205,139.8346,203.4341,,,,,,,,,,,,,,,,,,,,,
histidine,46,180.5068,423.744,77.763,159.8673,159.9196,,,,,,,,,,,,,,,,,,,,,
histidine,46,155.4593,352.0629,74.9521,166.6483,167.2923,,,,,,,,,,,,,,,,,,,,,
histidine,46,146.9003,298.1492,74.8008,167.1322,161.1426,,,,,,,,,,,,,,,,,,,,,
histidine,58,148.2948,138.8001,154.8144,157.7755,110.0294,,,,,,,,,,,,,,,,,,,,,
histidine,58,145.4851,127.8821,150.2302,148.4341,109.1738,,,,,,,,,,,,,,,,,,,,,
histidine,58,139.9162,131.2592,146.874,141.5945,105.7284,,,,,,,,,,,,,,,,,,,,,
histidine,70,80.9385,,308.4192,96.063,911.765,,,,,,,,,,,,,,,,,,,,,
histidine,70,80.624,,288.7542,96.0345,719.0187,,,,,,,,,,,,,,,,,,,,,
histidine,70,73.197,,277.7428,99.4028,454.785,,,,,,,,,,,,,,,,,,,,,
histidine,94,177.5554,53.8709,118.1745,113.3482,85.465,,,,,,,,,,,,,,,,,,,,,
histidine,94,177.8635,54.2301,114.8642,112.093,90.1442,,,,,,,,,,,,,,,,,,,,,
histidine,94,152.5792,51.4292,120.2117,107.1118,90.7214,,,,,,,,,,,,,,,,,,,,,
histidine,118,53.8494,52.4967,154.0402,56.8785,220.2176,,,,,,,,,,,,,,,,,,,,,
histidine,118,57.8022,51.8118,130.9402,53.194,200.806,,,,,,,,,,,,,,,,,,,,,
histidine,118,58.3207,54.8706,98.7567,55.8679,200.9025,,,,,,,,,,,,,,,,,,,,,
histidine,142,76.1204,45.9658,64.2106,64.055,149.4811,,,,,,,,,,,,,,,,,,,,,
histidine,142,73.6426,49.7167,62.9599,63.849,146.1344,,,,,,,,,,,,,,,,,,,,,
histidine,142,68.5888,48.6779,65.3815,63.1985,140.1063,,,,,,,,,,,,,,,,,,,,,
histidine,166,,21.3726,55.1167,,187.8935,,,,,,,,,,,,,,,,,,,,,
histidine,166,,23.9416,56.7345,,142.108,,,,,,,,,,,,,,,,,,,,,
histidine,166,,24.9235,56.6343,,148.2724,,,,,,,,,,,,,,,,,,,,,
histidine,190,185.3729,128.0652,78.3315,172.6664,146.6068,,,,,,,,,,,,,,,,,,,,,
histidine,190,167.6089,136.1883,77.4059,,140.3527,,,,,,,,,,,,,,,,,,,,,
histidine,190,167.6754,140.6033,65.6389,149.9091,135.4025,,,,,,,,,,,,,,,,,,,,,
histidine,214,72.7977,112.9115,161.6301,72.3071,758.128,,,,,,,,,,,,,,,,,,,,,
histidine,214,63.9359,93.4495,143.617,64.6587,,,,,,,,,,,,,,,,,,,,,,
histidine,214,57.1389,,141.1478,62.4164,214.5087,,,,,,,,,,,,,,,,,,,,,
histidine,238,89.1848,156.0433,138.7903,83.6924,79.8495,,,,,,,,,,,,,,,,,,,,,
histidine,238,80.5532,155.7145,126.0719,73.909,79.8238,,,,,,,,,,,,,,,,,,,,,
histidine,238,82.1439,,114.2144,73.3602,80.5384,,,,,,,,,,,,,,,,,,,,,
histidine,262,39.9342,,29.7652,46.7194,179.2352,,,,,,,,,,,,,,,,,,,,,
histidine,262,39.2562,,30.053,48.5701,170.3056,,,,,,,,,,,,,,,,,,,,,
histidine,262,36.2165,,29.9297,48.6891,158.1382,,,,,,,,,,,,,,,,,,,,,
histidine,362,50.8331,107.2095,60.8251,55.2261,133.1953,,,,,,,,,,,,,,,,,,,,,
histidine,362,52.0935,103.6146,60.6433,54.2466,134.5978,,,,,,,,,,,,,,,,,,,,,
histidine,362,51.5898,89.6092,59.6729,53.0715,132.235,,,,,,,,,,,,,,,,,,,,,
histidine,407,49.3057,24.5787,90.1837,27.234,,,,,,,,,,,,,,,,,,,,,,
histidine,407,49.3514,25.3349,77.0824,27.4575,,,,,,,,,,,,,,,,,,,,,,
histidine,407,53.1003,24.7217,68.1152,27.6095,,,,,,,,,,,,,,,,,,,,,,
histidine,698,102.9856,,58.6348,,305.0789,,,,,,,,,,,,,,,,,,,,,
histidine,698,98.9308,,62.0898,47.355,250.7149,,,,,,,,,,,,,,,,,,,,,
histidine,698,94.1831,,61.2722,50.4878,219.2836,,,,,,,,,,,,,,,,,,,,,
arginine,0,381.1102,381.1102,381.1102,381.1102,381.1102,,,,,,,,,,,,,,,,,,,,,
arginine,0,340.6898,340.6898,340.6898,340.6898,340.6898,,,,,,,,,,,,,,,,,,,,,
arginine,0,293.6333,293.6333,293.6333,293.6333,293.6333,,,,,,,,,,,,,,,,,,,,,
arginine,0.5,200.6749,200.6749,200.6749,200.6749,200.6749,,,,,,,,,,,,,,,,,,,,,
arginine,0.5,204.7286,204.7286,204.7286,204.7286,204.7286,,,,,,,,,,,,,,,,,,,,,
arginine,0.5,203.4616,203.4616,203.4616,203.4616,203.4616,,,,,,,,,,,,,,,,,,,,,
arginine,0.75,665.2297,665.2297,665.2297,665.2297,665.2297,,,,,,,,,,,,,,,,,,,,,
arginine,0.75,590.978,590.978,590.978,590.978,590.978,,,,,,,,,,,,,,,,,,,,,
arginine,0.75,551.5095,551.5095,551.5095,551.5095,551.5095,,,,,,,,,,,,,,,,,,,,,
arginine,1,229.3805,229.3805,229.3805,229.3805,229.3805,,,,,,,,,,,,,,,,,,,,,
arginine,1,225.3402,225.3402,225.3402,225.3402,225.3402,,,,,,,,,,,,,,,,,,,,,
arginine,1,205.2353,205.2353,205.2353,205.2353,205.2353,,,,,,,,,,,,,,,,,,,,,
arginine,1.25,277.1757,277.1757,277.1757,277.1757,277.1757,,,,,,,,,,,,,,,,,,,,,
arginine,1.25,297.0027,297.0027,297.0027,297.0027,297.0027,,,,,,,,,,,,,,,,,,,,,
arginine,1.25,282.2929,282.2929,282.2929,282.2929,282.2929,,,,,,,,,,,,,,,,,,,,,
arginine,1.87,184.6987,184.6987,184.6987,184.6987,184.6987,,,,,,,,,,,,,,,,,,,,,
arginine,1.87,191.6919,191.6919,191.6919,191.6919,191.6919,,,,,,,,,,,,,,,,,,,,,
arginine,1.87,207.4404,207.4404,207.4404,207.4404,207.4404,,,,,,,,,,,,,,,,,,,,,
arginine,2.58,82.7459,82.7459,82.7459,82.7459,82.7459,,,,,,,,,,,,,,,,,,,,,
arginine,2.58,79.4054,79.4054,79.4054,79.4054,79.4054,,,,,,,,,,,,,,,,,,,,,
arginine,2.58,75.8016,75.8016,75.8016,75.8016,75.8016,,,,,,,,,,,,,,,,,,,,,
arginine,2.67,225.0779,225.0779,225.0779,225.0779,225.0779,,,,,,,,,,,,,,,,,,,,,
arginine,2.67,220.5253,220.5253,220.5253,220.5253,220.5253,,,,,,,,,,,,,,,,,,,,,
arginine,2.67,223.9309,223.9309,223.9309,223.9309,223.9309,,,,,,,,,,,,,,,,,,,,,
arginine,3,,,,,,,,,,,,,,,,,,,,,,,,,,
arginine,3,,,,,,,,,,,,,,,,,,,,,,,,,,
arginine,3,,,,,,,,,,,,,,,,,,,,,,,,,,
arginine,3.42,318.4199,318.4199,318.4199,318.4199,318.4199,,,,,,,,,,,,,,,,,,,,,
arginine,3.42,298.5216,298.5216,298.5216,298.5216,298.5216,,,,,,,,,,,,,,,,,,,,,
arginine,3.42,293.1998,293.1998,293.1998,293.1998,293.1998,,,,,,,,,,,,,,,,,,,,,
arginine,3.5,372.0534,372.0534,372.0534,372.0534,372.0534,,,,,,,,,,,,,,,,,,,,,
arginine,3.5,,,,,,,,,,,,,,,,,,,,,,,,,,
arginine,3.5,327.3046,327.3046,327.3046,327.3046,327.3046,,,,,,,,,,,,,,,,,,,,,
arginine,4.93,156.7394,156.7394,156.7394,156.7394,156.7394,,,,,,,,,,,,,,,,,,,,,
arginine,4.93,152.5937,152.5937,152.5937,152.5937,152.5937,,,,,,,,,,,,,,,,,,,,,
arginine,4.93,152.516,152.516,152.516,152.516,152.516,,,,,,,,,,,,,,,,,,,,,
arginine,27,284.2718,350.0301,309.7102,118.9258,237.3976,,,,,,,,,,,,,,,,,,,,,
arginine,27,270.3507,,239.239,121.1163,227.0355,,,,,,,,,,,,,,,,,,,,,
arginine,27,284.2719,302.7733,199.6685,116.2979,206.6486,,,,,,,,,,,,,,,,,,,,,
arginine,35,208.7567,13.8478,,242.1595,372.9786,,,,,,,,,,,,,,,,,,,,,
arginine,35,217.2993,13.6511,213.9479,248.259,356.4592,,,,,,,,,,,,,,,,,,,,,
arginine,35,203.3279,13.2492,212.5588,245.6867,360.8119,,,,,,,,,,,,,,,,,,,,,
arginine,46,254.1061,477.1683,110.0837,297.1045,205.5446,,,,,,,,,,,,,,,,,,,,,
arginine,46,212.4432,397.7838,114.9336,293.0375,216.4402,,,,,,,,,,,,,,,,,,,,,
arginine,46,198.2349,354.1136,117.0084,299.195,204.6173,,,,,,,,,,,,,,,,,,,,,
arginine,58,158.2166,166.2935,227.2821,293.9487,160.2491,,,,,,,,,,,,,,,,,,,,,
arginine,58,155.1381,152.2184,215.9975,271.4381,156.8329,,,,,,,,,,,,,,,,,,,,,
arginine,58,148.868,156.6153,205.0777,262.1976,151.5599,,,,,,,,,,,,,,,,,,,,,
arginine,70,103.0698,,401.8115,268.8965,766.1586,,,,,,,,,,,,,,,,,,,,,
arginine,70,102.3817,,357.1752,236.3873,615.058,,,,,,,,,,,,,,,,,,,,,
arginine,70,85.5659,,363.2239,254.5697,413.0908,,,,,,,,,,,,,,,,,,,,,
arginine,94,212.1113,9.2767,179.49,349.6853,81.6217,,,,,,,,,,,,,,,,,,,,,
arginine,94,206.9561,9.2046,175.2296,337.638,92.1371,,,,,,,,,,,,,,,,,,,,,
arginine,94,172.5242,8.1147,176.0384,320.3684,95.4,,,,,,,,,,,,,,,,,,,,,
arginine,118,73.436,7.7922,123.6072,127.5438,92.2688,,,,,,,,,,,,,,,,,,,,,
arginine,118,78.3718,7.4211,101.6879,111.8993,84.9063,,,,,,,,,,,,,,,,,,,,,
arginine,118,80.3409,8.4609,132.0727,117.3645,82.8995,,,,,,,,,,,,,,,,,,,,,
arginine,142,183.891,8.916,124.6861,169.6896,86.1662,,,,,,,,,,,,,,,,,,,,,
arginine,142,180.9228,10.2685,114.9994,169.4412,82.3165,,,,,,,,,,,,,,,,,,,,,
arginine,142,167.3318,9.6932,120.7492,171.0852,81.3149,,,,,,,,,,,,,,,,,,,,,
arginine,166,,0.8247,75.2929,,334.2554,,,,,,,,,,,,,,,,,,,,,
arginine,166,,3.0779,78.9537,,276.2677,,,,,,,,,,,,,,,,,,,,,
arginine,166,,2.8995,76.9164,,254.8396,,,,,,,,,,,,,,,,,,,,,
arginine,190,196.4005,124.8914,183.0078,304.1532,112.1472,,,,,,,,,,,,,,,,,,,,,
arginine,190,179.2619,135.4639,176.2782,,106.6855,,,,,,,,,,,,,,,,,,,,,
arginine,190,185.5868,138.3746,178.5101,308.9667,102.2821,,,,,,,,,,,,,,,,,,,,,
arginine,214,167.9318,41.5351,191.523,246.1116,513.8614,,,,,,,,,,,,,,,,,,,,,
arginine,214,136.1605,28.9244,165.3142,204.6523,,,,,,,,,,,,,,,,,,,,,,
arginine,214,118.6025,,160.8343,201.5909,150.1195,,,,,,,,,,,,,,,,,,,,,
arginine,238,135.2875,29.5397,111.1392,187.351,37.4157,,,,,,,,,,,,,,,,,,,,,
arginine,238,120.1409,30.9612,103.116,179.3397,37.8905,,,,,,,,,,,,,,,,,,,,,
arginine,238,125.1418,,101.3651,167.8554,38.8274,,,,,,,,,,,,,,,,,,,,,
arginine,262,105.5536,,39.7219,131.5544,91.0773,,,,,,,,,,,,,,,,,,,,,
arginine,262,105.232,,40.7247,134.4437,92.0998,,,,,,,,,,,,,,,,,,,,,
arginine,262,91.9385,,40.3904,140.5177,81.8612,,,,,,,,,,,,,,,,,,,,,
arginine,362,171.2828,27.527,105.6818,163.1114,99.1393,,,,,,,,,,,,,,,,,,,,,
arginine,362,174.3173,28.1055,102.8404,161.0108,102.229,,,,,,,,,,,,,,,,,,,,,
arginine,362,169.6296,21.9557,102.5553,155.6982,100.0104,,,,,,,,,,,,,,,,,,,,,
arginine,407,147.0577,9.3589,200.5426,75.6828,,,,,,,,,,,,,,,,,,,,,,
arginine,407,155.1517,10.4442,160.824,76.8302,,,,,,,,,,,,,,,,,,,,,,
arginine,407,146.0228,9.5536,145.3856,76.5181,,,,,,,,,,,,,,,,,,,,,,
arginine,698,249.1049,,142.3474,,242.3232,,,,,,,,,,,,,,,,,,,,,
arginine,698,237.1505,,148.1851,168.1634,202.3397,,,,,,,,,,,,,,,,,,,,,
arginine,698,232.0924,,140.6621,138.3913,173.18,,,,,,,,,,,,,,,,,,,,,
lysine,0,65.9156,65.9156,65.9156,65.9156,65.9156,,,,,,,,,,,,,,,,,,,,,
lysine,0,60.4579,60.4579,60.4579,60.4579,60.4579,,,,,,,,,,,,,,,,,,,,,
lysine,0,51.5169,51.5169,51.5169,51.5169,51.5169,,,,,,,,,,,,,,,,,,,,,
lysine,0.5,99.7378,99.7378,99.7378,99.7378,99.7378,,,,,,,,,,,,,,,,,,,,,
lysine,0.5,100.7467,100.7467,100.7467,100.7467,100.7467,,,,,,,,,,,,,,,,,,,,,
lysine,0.5,98.4329,98.4329,98.4329,98.4329,98.4329,,,,,,,,,,,,,,,,,,,,,
lysine,0.75,321.3333,321.3333,321.3333,321.3333,321.3333,,,,,,,,,,,,,,,,,,,,,
lysine,0.75,279.2984,279.2984,279.2984,279.2984,279.2984,,,,,,,,,,,,,,,,,,,,,
lysine,0.75,260.9113,260.9113,260.9113,260.9113,260.9113,,,,,,,,,,,,,,,,,,,,,
lysine,1,121.4443,121.4443,121.4443,121.4443,121.4443,,,,,,,,,,,,,,,,,,,,,
lysine,1,114.4689,114.4689,114.4689,114.4689,114.4689,,,,,,,,,,,,,,,,,,,,,
lysine,1,108.6438,108.6438,108.6438,108.6438,108.6438,,,,,,,,,,,,,,,,,,,,,
lysine,1.25,124.5529,124.5529,124.5529,124.5529,124.5529,,,,,,,,,,,,,,,,,,,,,
lysine,1.25,132.0631,132.0631,132.0631,132.0631,132.0631,,,,,,,,,,,,,,,,,,,,,
lysine,1.25,121.2375,121.2375,121.2375,121.2375,121.2375,,,,,,,,,,,,,,,,,,,,,
lysine,1.87,71.9422,71.9422,71.9422,71.9422,71.9422,,,,,,,,,,,,,,,,,,,,,
lysine,1.87,75.2486,75.2486,75.2486,75.2486,75.2486,,,,,,,,,,,,,,,,,,,,,
lysine,1.87,77.9857,77.9857,77.9857,77.9857,77.9857,,,,,,,,,,,,,,,,,,,,,
lysine,2.58,40.0967,40.0967,40.0967,40.0967,40.0967,,,,,,,,,,,,,,,,,,,,,
lysine,2.58,38.7277,38.7277,38.7277,38.7277,38.7277,,,,,,,,,,,,,,,,,,,,,
lysine,2.58,40.1063,40.1063,40.1063,40.1063,40.1063,,,,,,,,,,,,,,,,,,,,,
lysine,2.67,62.6038,62.6038,62.6038,62.6038,62.6038,,,,,,,,,,,,,,,,,,,,,
lysine,2.67,61.895,61.895,61.895,61.895,61.895,,,,,,,,,,,,,,,,,,,,,
lysine,2.67,62.0547,62.0547,62.0547,62.0547,62.0547,,,,,,,,,,,,,,,,,,,,,
lysine,3,,,,,,,,,,,,,,,,,,,,,,,,,,
lysine,3,,,,,,,,,,,,,,,,,,,,,,,,,,
lysine,3,,,,,,,,,,,,,,,,,,,,,,,,,,
lysine,3.42,115.756,115.756,115.756,115.756,115.756,,,,,,,,,,,,,,,,,,,,,
lysine,3.42,108.3458,108.3458,108.3458,108.3458,108.3458,,,,,,,,,,,,,,,,,,,,,
lysine,3.42,104.5465,104.5465,104.5465,104.5465,104.5465,,,,,,,,,,,,,,,,,,,,,
lysine,3.5,152.8728,152.8728,152.8728,152.8728,152.8728,,,,,,,,,,,,,,,,,,,,,
lysine,3.5,,,,,,,,,,,,,,,,,,,,,,,,,,
lysine,3.5,133.6243,133.6243,133.6243,133.6243,133.6243,,,,,,,,,,,,,,,,,,,,,
lysine,4.93,62.8352,62.8352,62.8352,62.8352,62.8352,,,,,,,,,,,,,,,,,,,,,
lysine,4.93,61.9977,61.9977,61.9977,61.9977,61.9977,,,,,,,,,,,,,,,,,,,,,
lysine,4.93,61.3189,61.3189,61.3189,61.3189,61.3189,,,,,,,,,,,,,,,,,,,,,
lysine,27,108.4355,149.7376,128.4448,56.3898,118.9527,,,,,,,,,,,,,,,,,,,,,
lysine,27,104.7336,,98.7529,58.1275,108.3866,,,,,,,,,,,,,,,,,,,,,
lysine,27,106.8833,135.3109,86.2811,57.5761,99.7558,,,,,,,,,,,,,,,,,,,,,
lysine,35,71.4391,12.3373,,78.9161,115.6342,,,,,,,,,,,,,,,,,,,,,
lysine,35,73.895,12.3165,85.9906,80.4578,108.0892,,,,,,,,,,,,,,,,,,,,,
lysine,35,70.923,12.651,85.562,79.346,106.4544,,,,,,,,,,,,,,,,,,,,,
lysine,46,45.5297,102.1522,46.4575,108.1516,46.0461,,,,,,,,,,,,,,,,,,,,,
lysine,46,39.5802,82.2795,46.713,108.6948,46.4057,,,,,,,,,,,,,,,,,,,,,
lysine,46,38.8606,69.8426,47.8212,110.3806,44.6434,,,,,,,,,,,,,,,,,,,,,
lysine,58,22.4648,13.9145,66.1783,86.4373,13.2236,,,,,,,,,,,,,,,,,,,,,
lysine,58,23.0739,13.7741,63.3103,80.0167,13.2787,,,,,,,,,,,,,,,,,,,,,
lysine,58,22.8505,13.9704,61.6592,76.123,13.3392,,,,,,,,,,,,,,,,,,,,,
lysine,70,17.0742,,59.0201,13.2886,30.5503,,,,,,,,,,,,,,,,,,,,,
lysine,70,17.1752,,56.3384,13.4102,29.0443,,,,,,,,,,,,,,,,,,,,,
lysine,70,15.8029,,55.3134,13.4517,23.0048,,,,,,,,,,,,,,,,,,,,,
lysine,94,21.5014,11.6779,10.8133,10.8031,10.7735,,,,,,,,,,,,,,,,,,,,,
lysine,94,21.6028,11.983,11.024,10.9116,10.9518,,,,,,,,,,,,,,,,,,,,,
lysine,94,19.7858,11.6657,11.3736,11.6233,11.3375,,,,,,,,,,,,,,,,,,,,,
lysine,118,13.2194,11.528,12.4846,11.072,12.5193,,,,,,,,,,,,,,,,,,,,,
lysine,118,13.5559,11.5277,12.0592,11.0339,12.0254,,,,,,,,,,,,,,,,,,,,,
lysine,118,13.5983,11.9202,11.6978,10.9043,11.9002,,,,,,,,,,,,,,,,,,,,,
lysine,142,13.2501,11.2623,11.1887,11.0659,11.6992,,,,,,,,,,,,,,,,,,,,,
lysine,142,13.3462,11.4942,11.656,11.1339,11.4683,,,,,,,,,,,,,,,,,,,,,
lysine,142,13.2304,11.801,11.76,10.8261,11.8606,,,,,,,,,,,,,,,,,,,,,
lysine,166,,10.9723,11.7715,,13.1753,,,,,,,,,,,,,,,,,,,,,
lysine,166,,10.9958,11.7757,,12.8914,,,,,,,,,,,,,,,,,,,,,
lysine,166,,11.0361,11.8424,,13.0694,,,,,,,,,,,,,,,,,,,,,
lysine,190,17.2472,69.3275,12.6264,13.4415,12.5204,,,,,,,,,,,,,,,,,,,,,
lysine,190,16.2825,72.2611,12.7779,,12.2966,,,,,,,,,,,,,,,,,,,,,
lysine,190,16.4254,71.5197,12.2415,13.2024,12.0491,,,,,,,,,,,,,,,,,,,,,
lysine,214,14.7106,14.2153,14.2902,12.4165,29.7649,,,,,,,,,,,,,,,,,,,,,
lysine,214,13.609,13.7654,13.5636,11.8802,,,,,,,,,,,,,,,,,,,,,,
lysine,214,13.3063,,13.8233,11.6189,16.3344,,,,,,,,,,,,,,,,,,,,,
lysine,238,14.4878,14.1215,13.8532,12.602,12.3584,,,,,,,,,,,,,,,,,,,,,
lysine,238,14.2294,14.0544,13.6264,12.6998,12.3147,,,,,,,,,,,,,,,,,,,,,
lysine,238,14.0759,,13.2297,12.4511,12.4619,,,,,,,,,,,,,,,,,,,,,
lysine,262,13.2442,,11.6578,11.7257,15.1062,,,,,,,,,,,,,,,,,,,,,
lysine,262,13.3174,,11.5115,11.7391,14.6905,,,,,,,,,,,,,,,,,,,,,
lysine,262,13.2734,,11.7298,11.9569,15.0754,,,,,,,,,,,,,,,,,,,,,
lysine,362,12.8776,13.6425,13.8515,12.5052,15.039,,,,,,,,,,,,,,,,,,,,,
lysine,362,12.9141,13.4123,13.7388,12.7017,16.1565,,,,,,,,,,,,,,,,,,,,,
lysine,362,12.8657,13.3753,14.1033,12.3464,16.4147,,,,,,,,,,,,,,,,,,,,,
lysine,407,15.6007,11.743,17.1813,11.7346,,,,,,,,,,,,,,,,,,,,,,
lysine,407,15.8028,11.6889,16.6642,11.8397,,,,,,,,,,,,,,,,,,,,,,
lysine,407,15.5969,11.8045,15.5752,11.7788,,,,,,,,,,,,,,,,,,,,,,
lysine,698,21.6799,,19.9004,,37.7279,,,,,,,,,,,,,,,,,,,,,
lysine,698,21.0497,,19.2601,12.8698,32.9258,,,,,,,,,,,,,,,,,,,,,
lysine,698,20.4314,,18.6803,12.3695,30.032,,,,,,,,,,,,,,,,,,,,,
tryptophan,0,25.929,25.929,25.929,25.929,25.929,,,,,,,,,,,,,,,,,,,,,
tryptophan,0,22.5604,22.5604,22.5604,22.5604,22.5604,,,,,,,,,,,,,,,,,,,,,
tryptophan,0,19.0471,19.0471,19.0471,19.0471,19.0471,,,,,,,,,,,,,,,,,,,,,
tryptophan,0.5,14.9188,14.9188,14.9188,14.9188,14.9188,,,,,,,,,,,,,,,,,,,,,
tryptophan,0.5,15.5196,15.5196,15.5196,15.5196,15.5196,,,,,,,,,,,,,,,,,,,,,
tryptophan,0.5,15.1997,15.1997,15.1997,15.1997,15.1997,,,,,,,,,,,,,,,,,,,,,
tryptophan,0.75,62.7039,62.7039,62.7039,62.7039,62.7039,,,,,,,,,,,,,,,,,,,,,
tryptophan,0.75,49.3374,49.3374,49.3374,49.3374,49.3374,,,,,,,,,,,,,,,,,,,,,
tryptophan,0.75,50.7841,50.7841,50.7841,50.7841,50.7841,,,,,,,,,,,,,,,,,,,,,
tryptophan,1,19.3248,19.3248,19.3248,19.3248,19.3248,,,,,,,,,,,,,,,,,,,,,
tryptophan,1,17.5668,17.5668,17.5668,17.5668,17.5668,,,,,,,,,,,,,,,,,,,,,
tryptophan,1,15.2923,15.2923,15.2923,15.2923,15.2923,,,,,,,,,,,,,,,,,,,,,
tryptophan,1.25,21.8205,21.8205,21.8205,21.8205,21.8205,,,,,,,,,,,,,,,,,,,,,
tryptophan,1.25,23.6362,23.6362,23.6362,23.6362,23.6362,,,,,,,,,,,,,,,,,,,,,
tryptophan,1.25,21.5923,21.5923,21.5923,21.5923,21.5923,,,,,,,,,,,,,,,,,,,,,
tryptophan,1.87,15.5341,15.5341,15.5341,15.5341,15.5341,,,,,,,,,,,,,,,,,,,,,
tryptophan,1.87,14.0591,14.0591,14.0591,14.0591,14.0591,,,,,,,,,,,,,,,,,,,,,
tryptophan,1.87,14.3442,14.3442,14.3442,14.3442,14.3442,,,,,,,,,,,,,,,,,,,,,
tryptophan,2.58,8.8639,8.8639,8.8639,8.8639,8.8639,,,,,,,,,,,,,,,,,,,,,
tryptophan,2.58,8.7667,8.7667,8.7667,8.7667,8.7667,,,,,,,,,,,,,,,,,,,,,
tryptophan,2.58,8.7439,8.7439,8.7439,8.7439,8.7439,,,,,,,,,,,,,,,,,,,,,
tryptophan,2.67,13.0641,13.0641,13.0641,13.0641,13.0641,,,,,,,,,,,,,,,,,,,,,
tryptophan,2.67,13.0217,13.0217,13.0217,13.0217,13.0217,,,,,,,,,,,,,,,,,,,,,
tryptophan,2.67,13.0782,13.0782,13.0782,13.0782,13.0782,,,,,,,,,,,,,,,,,,,,,
tryptophan,3,,,,,,,,,,,,,,,,,,,,,,,,,,
tryptophan,3,,,,,,,,,,,,,,,,,,,,,,,,,,
tryptophan,3,,,,,,,,,,,,,,,,,,,,,,,,,,
tryptophan,3.42,21.2503,21.2503,21.2503,21.2503,21.2503,,,,,,,,,,,,,,,,,,,,,
tryptophan,3.42,19.6347,19.6347,19.6347,19.6347,19.6347,,,,,,,,,,,,,,,,,,,,,
tryptophan,3.42,19.2685,19.2685,19.2685,19.2685,19.2685,,,,,,,,,,,,,,,,,,,,,
tryptophan,3.5,29.4402,29.4402,29.4402,29.4402,29.4402,,,,,,,,,,,,,,,,,,,,,
tryptophan,3.5,,,,,,,,,,,,,,,,,,,,,,,,,,
tryptophan,3.5,20.7943,20.7943,20.7943,20.7943,20.7943,,,,,,,,,,,,,,,,,,,,,
tryptophan,4.93,14.0781,14.0781,14.0781,14.0781,14.0781,,,,,,,,,,,,,,,,,,,,,
tryptophan,4.93,13.9438,13.9438,13.9438,13.9438,13.9438,,,,,,,,,,,,,,,,,,,,,
tryptophan,4.93,14.0002,14.0002,14.0002,14.0002,14.0002,,,,,,,,,,,,,,,,,,,,,
tryptophan,27,17.5623,23.2871,32.2392,11.9572,18.7465,,,,,,,,,,,,,,,,,,,,,
tryptophan,27,16.8259,,23.7451,12.1938,15.9889,,,,,,,,,,,,,,,,,,,,,
tryptophan,27,16.938,23.0458,19.7738,11.9582,14.6294,,,,,,,,,,,,,,,,,,,,,
tryptophan,35,14.3314,11.5763,,13.9737,22.5889,,,,,,,,,,,,,,,,,,,,,
tryptophan,35,13.7148,10.356,13.4309,14.1438,21.9941,,,,,,,,,,,,,,,,,,,,,
tryptophan,35,12.8611,8.9182,13.1499,13.9129,21.2413,,,,,,,,,,,,,,,,,,,,,
tryptophan,46,27.5062,36.2075,11.4668,16.8946,12.5274,,,,,,,,,,,,,,,,,,,,,
tryptophan,46,22.3808,28.4768,10.9693,16.6103,12.8628,,,,,,,,,,,,,,,,,,,,,
tryptophan,46,21.1916,23.4675,10.8163,16.7785,12.1856,,,,,,,,,,,,,,,,,,,,,
tryptophan,58,8.7091,10.6135,13.8727,24.8,11.34,,,,,,,,,,,,,,,,,,,,,
tryptophan,58,8.5999,11.017,13.2448,22.0352,9.4947,,,,,,,,,,,,,,,,,,,,,
tryptophan,58,8.2103,9.859,12.305,20.6123,9.583,,,,,,,,,,,,,,,,,,,,,
tryptophan,70,10.8877,,27.3654,16.7521,98.6292,,,,,,,,,,,,,,,,,,,,,
tryptophan,70,10.6683,,24.8575,15.4093,48.5161,,,,,,,,,,,,,,,,,,,,,
tryptophan,70,9.4022,,24.0173,15.4515,30.7859,,,,,,,,,,,,,,,,,,,,,
tryptophan,94,11.5546,6.8795,12.0632,23.9553,6.4096,,,,,,,,,,,,,,,,,,,,,
tryptophan,94,11.7471,6.5842,11.7032,23.4368,7.0982,,,,,,,,,,,,,,,,,,,,,
tryptophan,94,8.9387,6.1174,11.8037,21.5207,6.8408,,,,,,,,,,,,,,,,,,,,,
tryptophan,118,6.829,6.1121,12.6136,15.3259,13.2713,,,,,,,,,,,,,,,,,,,,,
tryptophan,118,7.5943,5.5349,13.0374,13.8969,12.7124,,,,,,,,,,,,,,,,,,,,,
tryptophan,118,7.6367,5.9775,12.6359,14.0417,11.2209,,,,,,,,,,,,,,,,,,,,,
tryptophan,142,8.265,5.3726,15.0785,12.6076,12.2963,,,,,,,,,,,,,,,,,,,,,
tryptophan,142,8.1337,5.7673,14.2288,12.7592,12.0624,,,,,,,,,,,,,,,,,,,,,
tryptophan,142,7.5017,5.3089,14.6718,12.6528,11.6196,,,,,,,,,,,,,,,,,,,,,
tryptophan,166,,3.7756,8.6137,,,,,,,,,,,,,,,,,,,,,,,
tryptophan,166,,4.9556,8.7493,,,,,,,,,,,,,,,,,,,,,,,
tryptophan,166,,5.3145,8.3682,,,,,,,,,,,,,,,,,,,,,,,
tryptophan,190,12.478,10.208,21.3035,36.0252,13.6828,,,,,,,,,,,,,,,,,,,,,
tryptophan,190,11.0217,11.1289,20.3206,,13.3051,,,,,,,,,,,,,,,,,,,,,
tryptophan,190,9.634,11.2499,17.2559,26.1346,12.024,,,,,,,,,,,,,,,,,,,,,
tryptophan,214,16.3821,48.5498,22.4609,37.2256,128.3471,,,,,,,,,,,,,,,,,,,,,
tryptophan,214,12.3754,34.6067,18.0925,31.2773,,,,,,,,,,,,,,,,,,,,,,
tryptophan,214,10.8303,,15.9157,29.8435,34.145,,,,,,,,,,,,,,,,,,,,,
tryptophan,238,7.2107,20.9024,14.2976,17.042,2.8711,,,,,,,,,,,,,,,,,,,,,
tryptophan,238,6.077,15.885,12.6612,15.7605,2.8226,,,,,,,,,,,,,,,,,,,,,
tryptophan,238,6.2259,,11.6309,14.1247,2.9843,,,,,,,,,,,,,,,,,,,,,
tryptophan,262,10.6002,,7.9515,10.98,9.9981,,,,,,,,,,,,,,,,,,,,,
tryptophan,262,9.6211,,7.8091,11.3803,9.3161,,,,,,,,,,,,,,,,,,,,,
tryptophan,262,8.3372,,7.7179,11.1814,8.4363,,,,,,,,,,,,,,,,,,,,,
tryptophan,362,8.0056,11.4585,9.2664,14.6644,8.2681,,,,,,,,,,,,,,,,,,,,,
tryptophan,362,8.2902,10.2658,8.8528,13.7686,8.4513,,,,,,,,,,,,,,,,,,,,,
tryptophan,362,7.9457,8.7814,8.5142,13.4718,8.3551,,,,,,,,,,,,,,,,,,,,,
tryptophan,407,7.944,5.2499,36.7816,11.3544,,,,,,,,,,,,,,,,,,,,,,
tryptophan,407,8.0994,5.4376,29.5099,10.9722,,,,,,,,,,,,,,,,,,,,,,
tryptophan,407,8.1226,5.1336,24.82,11.1415,,,,,,,,,,,,,,,,,,,,,,
tryptophan,698,17.1099,,10.5487,,20.4337,,,,,,,,,,,,,,,,,,,,,
tryptophan,698,13.2411,,11.4547,9.8631,16.7001,,,,,,,,,,,,,,,,,,,,,
tryptophan,698,12.0105,,10.6901,10.901,14.354,,,,,,,,,,,,,,,,,,,,,
glutamine,0,27049.88,27049.88,27049.88,27049.88,27049.88,,,,,,,,,,,,,,,,,,,,,
glutamine,0,24235.86,24235.86,24235.86,24235.86,24235.86,,,,,,,,,,,,,,,,,,,,,
glutamine,0,20883.59,20883.59,20883.59,20883.59,20883.59,,,,,,,,,,,,,,,,,,,,,
glutamine,0.5,18232.45,18232.45,18232.45,18232.45,18232.45,,,,,,,,,,,,,,,,,,,,,
glutamine,0.5,18859.7,18859.7,18859.7,18859.7,18859.7,,,,,,,,,,,,,,,,,,,,,
glutamine,0.5,18538.68,18538.68,18538.68,18538.68,18538.68,,,,,,,,,,,,,,,,,,,,,
glutamine,0.75,41330.26,41330.26,41330.26,41330.26,41330.26,,,,,,,,,,,,,,,,,,,,,
glutamine,0.75,34045.95,34045.95,34045.95,34045.95,34045.95,,,,,,,,,,,,,,,,,,,,,
glutamine,0.75,34394.81,34394.81,34394.81,34394.81,34394.81,,,,,,,,,,,,,,,,,,,,,
glutamine,1,19612.83,19612.83,19612.83,19612.83,19612.83,,,,,,,,,,,,,,,,,,,,,
glutamine,1,19171.94,19171.94,19171.94,19171.94,19171.94,,,,,,,,,,,,,,,,,,,,,
glutamine,1,17161.94,17161.94,17161.94,17161.94,17161.94,,,,,,,,,,,,,,,,,,,,,
glutamine,1.25,16877.56,16877.56,16877.56,16877.56,16877.56,,,,,,,,,,,,,,,,,,,,,
glutamine,1.25,18205.06,18205.06,18205.06,18205.06,18205.06,,,,,,,,,,,,,,,,,,,,,
glutamine,1.25,17249.54,17249.54,17249.54,17249.54,17249.54,,,,,,,,,,,,,,,,,,,,,
glutamine,1.87,18857.195,18857.195,18857.195,18857.195,18857.195,,,,,,,,,,,,,,,,,,,,,
glutamine,1.87,17421.533,17421.533,17421.533,17421.533,17421.533,,,,,,,,,,,,,,,,,,,,,
glutamine,1.87,18638.907,18638.907,18638.907,18638.907,18638.907,,,,,,,,,,,,,,,,,,,,,
glutamine,2.58,4903.3293,4903.3293,4903.3293,4903.3293,4903.3293,,,,,,,,,,,,,,,,,,,,,
glutamine,2.58,4826.1952,4826.1952,4826.1952,4826.1952,4826.1952,,,,,,,,,,,,,,,,,,,,,
glutamine,2.58,4840.3947,4840.3947,4840.3947,4840.3947,4840.3947,,,,,,,,,,,,,,,,,,,,,
glutamine,2.67,10091.13,10091.13,10091.13,10091.13,10091.13,,,,,,,,,,,,,,,,,,,,,
glutamine,2.67,9825.999,9825.999,9825.999,9825.999,9825.999,,,,,,,,,,,,,,,,,,,,,
glutamine,2.67,9926.83,9926.83,9926.83,9926.83,9926.83,,,,,,,,,,,,,,,,,,,,,
glutamine,3,,,,,,,,,,,,,,,,,,,,,,,,,,
glutamine,3,,,,,,,,,,,,,,,,,,,,,,,,,,
glutamine,3,,,,,,,,,,,,,,,,,,,,,,,,,,
glutamine,3.42,13799.478,13799.478,13799.478,13799.478,13799.478,,,,,,,,,,,,,,,,,,,,,
glutamine,3.42,12658.717,12658.717,12658.717,12658.717,12658.717,,,,,,,,,,,,,,,,,,,,,
glutamine,3.42,12773.312,12773.312,12773.312,12773.312,12773.312,,,,,,,,,,,,,,,,,,,,,
glutamine,3.5,17284.46,17284.46,17284.46,17284.46,17284.46,,,,,,,,,,,,,,,,,,,,,
glutamine,3.5,,,,,,,,,,,,,,,,,,,,,,,,,,
glutamine,3.5,12926.39,12926.39,12926.39,12926.39,12926.39,,,,,,,,,,,,,,,,,,,,,
glutamine,4.93,3596.9364,3596.9364,3596.9364,3596.9364,3596.9364,,,,,,,,,,,,,,,,,,,,,
glutamine,4.93,3651.2573,3651.2573,3651.2573,3651.2573,3651.2573,,,,,,,,,,,,,,,,,,,,,
glutamine,4.93,3654.079,3654.079,3654.079,3654.079,3654.079,,,,,,,,,,,,,,,,,,,,,
glutamine,27,8349.883,9647.3979,6384.8006,2816.746,6740.9964,,,,,,,,,,,,,,,,,,,,,
glutamine,27,8039.2098,,4987.0803,2936.5175,6110.4064,,,,,,,,,,,,,,,,,,,,,
glutamine,27,8272.9215,9368.4809,4402.8693,2861.925,5942.8235,,,,,,,,,,,,,,,,,,,,,
glutamine,35,5906.442,112.144,,5076.402,6913.05,,,,,,,,,,,,,,,,,,,,,
glutamine,35,5829.741,120.5096,6007.092,5050.241,6648.54,,,,,,,,,,,,,,,,,,,,,
glutamine,35,5802.44,90.8788,5774.281,5080.362,6448.946,,,,,,,,,,,,,,,,,,,,,
glutamine,46,5614.9901,11274.52,2569.58,9686.8882,5307.1854,,,,,,,,,,,,,,,,,,,,,
glutamine,46,4813.0101,9489.8441,2599.0469,9818.5043,5494.6568,,,,,,,,,,,,,,,,,,,,,
glutamine,46,4583.4498,8128.8292,2560.7021,9926.6268,5201.157,,,,,,,,,,,,,,,,,,,,,
glutamine,58,5132.161,1833.014,6034.332,8169.243,3693.282,,,,,,,,,,,,,,,,,,,,,
glutamine,58,5072.642,1886.291,5877.85,7778.722,3206.876,,,,,,,,,,,,,,,,,,,,,
glutamine,58,4814.705,1749.45,5627.178,7372.994,3242.186,,,,,,,,,,,,,,,,,,,,,
glutamine,70,2575.593,,9656.3967,8657.4784,38443.922,,,,,,,,,,,,,,,,,,,,,
glutamine,70,2541.7995,,9099.5197,8123.9742,20135.879,,,,,,,,,,,,,,,,,,,,,
glutamine,70,2334.9972,,9164.7494,8142.1795,13107.745,,,,,,,,,,,,,,,,,,,,,
glutamine,94,6193.442,33.1455,2537.344,6359.258,1776.152,,,,,,,,,,,,,,,,,,,,,
glutamine,94,6375.942,41.0939,2470.923,6257.336,1865.41,,,,,,,,,,,,,,,,,,,,,
glutamine,94,5460.993,34.9208,2372.351,5943.957,1826.076,,,,,,,,,,,,,,,,,,,,,
glutamine,118,1645.0277,57.8613,2997.2246,2775.7335,2845.5629,,,,,,,,,,,,,,,,,,,,,
glutamine,118,1728.0566,57.1259,3149.825,2532.7024,2763.8361,,,,,,,,,,,,,,,,,,,,,
glutamine,118,1784.4223,60.7062,1901.5682,2601.8268,2556.478,,,,,,,,,,,,,,,,,,,,,
glutamine,142,3165.633,59.9783,1144.35,3023.479,1044.716,,,,,,,,,,,,,,,,,,,,,
glutamine,142,2948.422,75.9542,1066.602,3022.647,1087.002,,,,,,,,,,,,,,,,,,,,,
glutamine,142,2722.904,68.7432,1094.127,2974.427,995.2239,,,,,,,,,,,,,,,,,,,,,
glutamine,166,,16.033,847.3072,,8835.5889,,,,,,,,,,,,,,,,,,,,,
glutamine,166,,16.4142,904.3162,,7237.495,,,,,,,,,,,,,,,,,,,,,
glutamine,166,,16.2845,892.6355,,6014.268,,,,,,,,,,,,,,,,,,,,,
glutamine,190,6722.954,3256.05,1454.072,7512.071,1193.064,,,,,,,,,,,,,,,,,,,,,
glutamine,190,6112.006,3408.091,1441.786,,1163.339,,,,,,,,,,,,,,,,,,,,,
glutamine,190,5433.739,3585.352,1232.102,5810.388,1107.948,,,,,,,,,,,,,,,,,,,,,
glutamine,214,2463.6594,210.4929,3095.8809,2113.9233,6223.3489,,,,,,,,,,,,,,,,,,,,,
glutamine,214,2036.7829,167.5277,2699.4158,1796.5458,,,,,,,,,,,,,,,,,,,,,,
glutamine,214,1782.955,,2434.5854,1754.8503,1943.8284,,,,,,,,,,,,,,,,,,,,,
glutamine,238,3035.919,290.9209,2507.864,1345.755,658.5016,,,,,,,,,,,,,,,,,,,,,
glutamine,238,2736.377,255.345,2381.75,1306.931,692.22,,,,,,,,,,,,,,,,,,,,,
glutamine,238,2735.248,,2164.01,1195.923,696.4175,,,,,,,,,,,,,,,,,,,,,
glutamine,262,1072.7104,,328.394,971.3417,1677.7053,,,,,,,,,,,,,,,,,,,,,
glutamine,262,1023.2559,,355.4555,998.423,1843.5217,,,,,,,,,,,,,,,,,,,,,
glutamine,262,941.652,,354.4279,1050.153,1636.2318,,,,,,,,,,,,,,,,,,,,,
glutamine,362,1263.368,243.297,1196.749,1193.202,1199.311,,,,,,,,,,,,,,,,,,,,,
glutamine,362,1297.56,277.2966,1196.224,1182.764,1232.291,,,,,,,,,,,,,,,,,,,,,
glutamine,362,1248.624,240.2555,1099.367,1141.145,1226.409,,,,,,,,,,,,,,,,,,,,,
glutamine,407,1956.7843,34.2636,1803.7973,377.7236,,,,,,,,,,,,,,,,,,,,,,
glutamine,407,2003.3146,35.4155,1551.2543,385.9039,,,,,,,,,,,,,,,,,,,,,,
glutamine,407,1945.9702,37.3298,1342.3884,385.2692,,,,,,,,,,,,,,,,,,,,,,
glutamine,698,4473.3718,,1319.6876,,3437.7248,,,,,,,,,,,,,,,,,,,,,
glutamine,698,3828.5115,,1410.8126,966.8862,2978.9001,,,,,,,,,,,,,,,,,,,,,
glutamine,698,3438.9234,,1424.7019,1017.5755,2591.8923,,,,,,,,,,,,,,,,,,,,,
asparagine,0,3166.768,3166.768,3166.768,3166.768,3166.768,,,,,,,,,,,,,,,,,,,,,
asparagine,0,2855.085,2855.085,2855.085,2855.085,2855.085,,,,,,,,,,,,,,,,,,,,,
asparagine,0,2431.81,2431.81,2431.81,2431.81,2431.81,,,,,,,,,,,,,,,,,,,,,
asparagine,0.5,2339.478,2339.478,2339.478,2339.478,2339.478,,,,,,,,,,,,,,,,,,,,,
asparagine,0.5,2439.761,2439.761,2439.761,2439.761,2439.761,,,,,,,,,,,,,,,,,,,,,
asparagine,0.5,2397.239,2397.239,2397.239,2397.239,2397.239,,,,,,,,,,,,,,,,,,,,,
asparagine,0.75,5658.116,5658.116,5658.116,5658.116,5658.116,,,,,,,,,,,,,,,,,,,,,
asparagine,0.75,4590.507,4590.507,4590.507,4590.507,4590.507,,,,,,,,,,,,,,,,,,,,,
asparagine,0.75,4674.007,4674.007,4674.007,4674.007,4674.007,,,,,,,,,,,,,,,,,,,,,
asparagine,1,2735.486,2735.486,2735.486,2735.486,2735.486,,,,,,,,,,,,,,,,,,,,,
asparagine,1,2668.614,2668.614,2668.614,2668.614,2668.614,,,,,,,,,,,,,,,,,,,,,
asparagine,1,2411.621,2411.621,2411.621,2411.621,2411.621,,,,,,,,,,,,,,,,,,,,,
asparagine,1.25,2374.988,2374.988,2374.988,2374.988,2374.988,,,,,,,,,,,,,,,,,,,,,
asparagine,1.25,2562.857,2562.857,2562.857,2562.857,2562.857,,,,,,,,,,,,,,,,,,,,,
asparagine,1.25,2415.751,2415.751,2415.751,2415.751,2415.751,,,,,,,,,,,,,,,,,,,,,
asparagine,1.87,2553.0533,2553.0533,2553.0533,2553.0533,2553.0533,,,,,,,,,,,,,,,,,,,,,
asparagine,1.87,2354.0807,2354.0807,2354.0807,2354.0807,2354.0807,,,,,,,,,,,,,,,,,,,,,
asparagine,1.87,2497.3711,2497.3711,2497.3711,2497.3711,2497.3711,,,,,,,,,,,,,,,,,,,,,
asparagine,2.58,896.3229,896.3229,896.3229,896.3229,896.3229,,,,,,,,,,,,,,,,,,,,,
asparagine,2.58,899.194,899.194,899.194,899.194,899.194,,,,,,,,,,,,,,,,,,,,,
asparagine,2.58,874.9077,874.9077,874.9077,874.9077,874.9077,,,,,,,,,,,,,,,,,,,,,
asparagine,2.67,2023.515,2023.515,2023.515,2023.515,2023.515,,,,,,,,,,,,,,,,,,,,,
asparagine,2.67,1992.427,1992.427,1992.427,1992.427,1992.427,,,,,,,,,,,,,,,,,,,,,
asparagine,2.67,1993.116,1993.116,1993.116,1993.116,1993.116,,,,,,,,,,,,,,,,,,,,,
asparagine,3,,,,,,,,,,,,,,,,,,,,,,,,,,
asparagine,3,,,,,,,,,,,,,,,,,,,,,,,,,,
asparagine,3,,,,,,,,,,,,,,,,,,,,,,,,,,
asparagine,3.42,4167.1921,4167.1921,4167.1921,4167.1921,4167.1921,,,,,,,,,,,,,,,,,,,,,
asparagine,3.42,3901.9481,3901.9481,3901.9481,3901.9481,3901.9481,,,,,,,,,,,,,,,,,,,,,
asparagine,3.42,3860.365,3860.365,3860.365,3860.365,3860.365,,,,,,,,,,,,,,,,,,,,,
asparagine,3.5,5582.763,5582.763,5582.763,5582.763,5582.763,,,,,,,,,,,,,,,,,,,,,
asparagine,3.5,,,,,,,,,,,,,,,,,,,,,,,,,,
asparagine,3.5,4134.048,4134.048,4134.048,4134.048,4134.048,,,,,,,,,,,,,,,,,,,,,
asparagine,4.93,1833.5059,1833.5059,1833.5059,1833.5059,1833.5059,,,,,,,,,,,,,,,,,,,,,
asparagine,4.93,1812.0787,1812.0787,1812.0787,1812.0787,1812.0787,,,,,,,,,,,,,,,,,,,,,
asparagine,4.93,1771.402,1771.402,1771.402,1771.402,1771.402,,,,,,,,,,,,,,,,,,,,,
asparagine,27,4157.5013,4752.9509,3636.7463,1543.72,3601.9809,,,,,,,,,,,,,,,,,,,,,
asparagine,27,4032.1273,,2885.2647,1583.7299,3334.7454,,,,,,,,,,,,,,,,,,,,,
asparagine,27,4069.017,4729.8947,2463.2075,1566.0551,3197.3203,,,,,,,,,,,,,,,,,,,,,
asparagine,35,2773.981,59.8211,,2270.887,3280.531,,,,,,,,,,,,,,,,,,,,,
asparagine,35,2767.046,56.5768,2953.82,2324.825,3251.665,,,,,,,,,,,,,,,,,,,,,
asparagine,35,2670.921,52.894,2907.081,2337.996,3208.592,,,,,,,,,,,,,,,,,,,,,
asparagine,46,2664.9648,6076.9863,1419.7429,3957.5656,2631.6833,,,,,,,,,,,,,,,,,,,,,
asparagine,46,2263.1294,5039.3869,1394.2055,3940.2695,2695.2845,,,,,,,,,,,,,,,,,,,,,
asparagine,46,2125.5646,4247.4126,1399.6546,3901.7251,2579.6011,,,,,,,,,,,,,,,,,,,,,
asparagine,58,2136.971,1012.403,2958.57,4145.938,1439.19,,,,,,,,,,,,,,,,,,,,,
asparagine,58,2063.678,1035.826,2841.945,3807.604,1247.973,,,,,,,,,,,,,,,,,,,,,
asparagine,58,1987.526,957.5782,2719.216,3762.02,1263.704,,,,,,,,,,,,,,,,,,,,,
asparagine,70,1047.2035,,5224.5901,3453.048,14020.327,,,,,,,,,,,,,,,,,,,,,
asparagine,70,1011.2968,,4766.794,3220.4958,7283.8553,,,,,,,,,,,,,,,,,,,,,
asparagine,70,947.8098,,4727.4844,3290.8763,4810.0323,,,,,,,,,,,,,,,,,,,,,
asparagine,94,2261.29,27.6496,1167.086,2431.18,472.8042,,,,,,,,,,,,,,,,,,,,,
asparagine,94,2277.93,31.9952,1130.772,2323.923,509.2808,,,,,,,,,,,,,,,,,,,,,
asparagine,94,1899.367,30.7168,1133.189,2140.061,474.201,,,,,,,,,,,,,,,,,,,,,
asparagine,118,621.7187,32.5997,689.7788,632.3668,665.4373,,,,,,,,,,,,,,,,,,,,,
asparagine,118,645.3291,27.3426,687.2132,595.3227,642.7498,,,,,,,,,,,,,,,,,,,,,
asparagine,118,672.4416,34.2668,643.367,593.6856,581.3423,,,,,,,,,,,,,,,,,,,,,
asparagine,142,961.4949,32.9824,222.9756,263.9179,364.0358,,,,,,,,,,,,,,,,,,,,,
asparagine,142,914.867,31.6336,210.2973,264.452,363.6732,,,,,,,,,,,,,,,,,,,,,
asparagine,142,835.5002,29.4677,215.6269,259.7542,349.8504,,,,,,,,,,,,,,,,,,,,,
asparagine,166,,14.3801,238.6745,,188.3092,,,,,,,,,,,,,,,,,,,,,
asparagine,166,,13.1645,245.1565,,164.9213,,,,,,,,,,,,,,,,,,,,,
asparagine,166,,15.121,235.0968,,144.7663,,,,,,,,,,,,,,,,,,,,,
asparagine,190,1630.948,1622.274,276.7555,144.2085,382.7817,,,,,,,,,,,,,,,,,,,,,
asparagine,190,1475.592,1790.295,262.7273,,378.9737,,,,,,,,,,,,,,,,,,,,,
asparagine,190,1352.317,1923.109,227.4147,145.0813,365.6972,,,,,,,,,,,,,,,,,,,,,
asparagine,214,1031.3137,102.6057,475.9123,28.1372,2628.1939,,,,,,,,,,,,,,,,,,,,,
asparagine,214,835.665,77.6674,395.3587,22.303,,,,,,,,,,,,,,,,,,,,,,
asparagine,214,751.1404,,344.7893,24.7115,745.276,,,,,,,,,,,,,,,,,,,,,
asparagine,238,893.9905,122.9563,335.2305,30.13,187.3349,,,,,,,,,,,,,,,,,,,,,
asparagine,238,806.0836,97.299,302.6417,31.8972,191.668,,,,,,,,,,,,,,,,,,,,,
asparagine,238,811.2321,,281.685,31.5192,197.6774,,,,,,,,,,,,,,,,,,,,,
asparagine,262,675.316,,94.3672,24.5095,468.0389,,,,,,,,,,,,,,,,,,,,,
asparagine,262,630.638,,98.3027,21.1458,458.5793,,,,,,,,,,,,,,,,,,,,,
asparagine,262,580.476,,97.3078,20.6024,421.0327,,,,,,,,,,,,,,,,,,,,,
asparagine,362,640.8661,82.2746,215.3153,23.4305,374.5788,,,,,,,,,,,,,,,,,,,,,
asparagine,362,664.9958,81.2662,216.8459,26.6817,384.0817,,,,,,,,,,,,,,,,,,,,,
asparagine,362,625.5454,73.618,209.98,25.1676,386.19,,,,,,,,,,,,,,,,,,,,,
asparagine,407,1008.3992,22.8504,401.2875,7.4621,,,,,,,,,,,,,,,,,,,,,,
asparagine,407,992.2001,23.9043,334.8178,7.3352,,,,,,,,,,,,,,,,,,,,,,
asparagine,407,1010.7134,21.519,297.1252,7.2965,,,,,,,,,,,,,,,,,,,,,,
asparagine,698,1629.1966,,344.3451,,888.3605,,,,,,,,,,,,,,,,,,,,,
asparagine,698,1394.7746,,350.8362,14.2542,749.4179,,,,,,,,,,,,,,,,,,,,,
asparagine,698,1271.7058,,329.7181,13.6383,656.9821,,,,,,,,,,,,,,,,,,,,,